{"stats":{"minecraft:picked_up":{"minecraft:iron_chestplate":1,"minecraft:iron_leggings":1,"minecraft:iron_helmet":1,"minecraft:iron_pickaxe":1,"minecraft:baked_potato":64,"minecraft:cobblestone":3,"minecraft:iron_sword":1,"minecraft:dirt":27,"minecraft:iron_boots":1,"minecraft:egg":1},"minecraft:custom":{"minecraft:time_since_rest":15165,"minecraft:sprint_one_cm":48527,"minecraft:play_time":15165,"minecraft:damage_taken":101,"minecraft:walk_one_cm":93319,"minecraft:sneak_time":9,"minecraft:walk_under_water_one_cm":468,"minecraft:jump":220,"minecraft:damage_dealt":4,"minecraft:leave_game":1,"minecraft:time_since_death":15165,"minecraft:walk_on_water_one_cm":5643,"minecraft:total_world_time":15165,"minecraft:climb_one_cm":352,"minecraft:fall_one_cm":1291,"minecraft:fly_one_cm":8381},"minecraft:mined":{"minecraft:short_grass":2,"minecraft:grass_block":13,"minecraft:dirt":13,"minecraft:stone":3},"minecraft:used":{"minecraft:iron_chestplate":1,"minecraft:dirt":9,"minecraft:baked_potato":3,"minecraft:iron_pickaxe":3,"minecraft:iron_helmet":1,"minecraft:iron_boots":1,"minecraft:iron_leggings":1}},"DataVersion":3953}