{"stats":{"minecraft:mined":{"minecraft:crafting_table":1,"minecraft:short_grass":11,"minecraft:grass_block":164,"minecraft:oak_log":77,"minecraft:dirt":19,"minecraft:oak_planks":6,"minecraft:stone":3,"minecraft:oak_leaves":15},"minecraft:broken":{"minecraft:wooden_axe":1,"minecraft:wooden_shovel":1},"minecraft:used":{"minecraft:oak_log":4,"minecraft:wooden_axe":59,"minecraft:oak_planks":68,"minecraft:baked_potato":7,"minecraft:iron_pickaxe":3,"minecraft:iron_helmet":1,"minecraft:iron_boots":1,"minecraft:wooden_shovel":121,"minecraft:stone_axe":26,"minecraft:iron_chestplate":1,"minecraft:dirt":22,"minecraft:crafting_table":3,"minecraft:oak_sapling":13,"minecraft:white_bed":1,"minecraft:iron_leggings":1},"minecraft:custom":{"minecraft:time_since_rest":15462,"minecraft:sprint_one_cm":116953,"minecraft:damage_taken":141,"minecraft:walk_one_cm":203176,"minecraft:damage_dealt":4,"minecraft:swim_one_cm":1824,"minecraft:interact_with_crafting_table":4,"minecraft:fly_one_cm":25564,"minecraft:play_time":45278,"minecraft:sneak_time":15,"minecraft:walk_under_water_one_cm":944,"minecraft:jump":426,"minecraft:leave_game":3,"minecraft:walk_on_water_one_cm":6972,"minecraft:time_since_death":45278,"minecraft:sleep_in_bed":4,"minecraft:climb_one_cm":352,"minecraft:total_world_time":45278,"minecraft:fall_one_cm":3610},"minecraft:crafted":{"minecraft:oak_planks":174,"minecraft:wooden_shovel":2,"minecraft:crafting_table":2,"minecraft:stick":16,"minecraft:wooden_axe":1,"minecraft:stone_axe":1},"minecraft:picked_up":{"minecraft:stick":5,"minecraft:crafting_table":1,"minecraft:iron_chestplate":1,"minecraft:oak_log":76,"minecraft:white_bed":1,"minecraft:dirt":184,"minecraft:iron_leggings":1,"minecraft:apple":1,"minecraft:wheat_seeds":5,"minecraft:iron_helmet":1,"minecraft:baked_potato":64,"minecraft:iron_pickaxe":1,"minecraft:oak_sapling":13,"minecraft:oak_planks":6,"minecraft:iron_sword":1,"minecraft:iron_boots":1,"minecraft:cobblestone":3,"minecraft:egg":2}},"DataVersion":3953}