{"stats":{"minecraft:crafted":{"minecraft:oak_planks":44,"minecraft:crafting_table":1,"minecraft:stick":16,"minecraft:wooden_axe":1,"minecraft:stone_axe":1},"minecraft:picked_up":{"minecraft:stick":2,"minecraft:crafting_table":1,"minecraft:iron_chestplate":1,"minecraft:oak_log":52,"minecraft:white_bed":1,"minecraft:dirt":32,"minecraft:iron_leggings":1,"minecraft:apple":1,"minecraft:iron_helmet":1,"minecraft:baked_potato":64,"minecraft:iron_pickaxe":1,"minecraft:oak_sapling":3,"minecraft:iron_sword":1,"minecraft:iron_boots":1,"minecraft:cobblestone":3,"minecraft:egg":1},"minecraft:custom":{"minecraft:time_since_rest":40,"minecraft:sprint_one_cm":74355,"minecraft:damage_taken":121,"minecraft:walk_one_cm":127431,"minecraft:damage_dealt":4,"minecraft:interact_with_crafting_table":2,"minecraft:fly_one_cm":13244,"minecraft:play_time":29480,"minecraft:sneak_time":15,"minecraft:walk_under_water_one_cm":468,"minecraft:jump":280,"minecraft:leave_game":2,"minecraft:walk_on_water_one_cm":5643,"minecraft:time_since_death":29480,"minecraft:sleep_in_bed":3,"minecraft:climb_one_cm":352,"minecraft:total_world_time":29480,"minecraft:fall_one_cm":2313},"minecraft:mined":{"minecraft:crafting_table":1,"minecraft:short_grass":3,"minecraft:grass_block":14,"minecraft:oak_log":53,"minecraft:dirt":17,"minecraft:stone":3,"minecraft:oak_leaves":15},"minecraft:used":{"minecraft:oak_log":4,"minecraft:wooden_axe":55,"minecraft:baked_potato":4,"minecraft:iron_pickaxe":3,"minecraft:iron_helmet":1,"minecraft:iron_boots":1,"minecraft:iron_chestplate":1,"minecraft:dirt":20,"minecraft:crafting_table":2,"minecraft:oak_sapling":3,"minecraft:white_bed":1,"minecraft:iron_leggings":1}},"DataVersion":3953}