{"stats":{"minecraft:broken":{"minecraft:wooden_axe":1,"minecraft:wooden_shovel":1},"minecraft:mined":{"minecraft:white_bed":1,"minecraft:crafting_table":1,"minecraft:short_grass":11,"minecraft:grass_block":165,"minecraft:oak_log":77,"minecraft:dirt":24,"minecraft:stone":72,"minecraft:oak_planks":28,"minecraft:oak_leaves":15},"minecraft:used":{"minecraft:oak_log":4,"minecraft:wooden_axe":59,"minecraft:oak_planks":116,"minecraft:baked_potato":7,"minecraft:iron_pickaxe":72,"minecraft:iron_helmet":1,"minecraft:iron_boots":1,"minecraft:wooden_shovel":121,"minecraft:stone_axe":49,"minecraft:iron_chestplate":1,"minecraft:dirt":26,"minecraft:crafting_table":3,"minecraft:oak_sapling":13,"minecraft:white_bed":1,"minecraft:iron_leggings":1},"minecraft:custom":{"minecraft:time_since_rest":26423,"minecraft:sprint_one_cm":149561,"minecraft:damage_taken":141,"minecraft:walk_one_cm":255789,"minecraft:damage_dealt":4,"minecraft:swim_one_cm":1824,"minecraft:interact_with_crafting_table":4,"minecraft:fly_one_cm":35348,"minecraft:crouch_one_cm":235,"minecraft:play_time":56239,"minecraft:sneak_time":140,"minecraft:walk_under_water_one_cm":944,"minecraft:jump":542,"minecraft:leave_game":3,"minecraft:time_since_death":56239,"minecraft:walk_on_water_one_cm":6972,"minecraft:sleep_in_bed":4,"minecraft:climb_one_cm":352,"minecraft:total_world_time":56239,"minecraft:fall_one_cm":4982},"minecraft:crafted":{"minecraft:oak_planks":174,"minecraft:wooden_shovel":2,"minecraft:crafting_table":2,"minecraft:stick":16,"minecraft:wooden_axe":1,"minecraft:stone_axe":1},"minecraft:picked_up":{"minecraft:stick":5,"minecraft:crafting_table":1,"minecraft:iron_chestplate":1,"minecraft:oak_log":76,"minecraft:white_bed":2,"minecraft:dirt":190,"minecraft:iron_leggings":1,"minecraft:apple":1,"minecraft:wheat_seeds":5,"minecraft:iron_helmet":1,"minecraft:baked_potato":64,"minecraft:iron_pickaxe":1,"minecraft:oak_sapling":13,"minecraft:iron_sword":1,"minecraft:oak_planks":28,"minecraft:iron_boots":1,"minecraft:cobblestone":69,"minecraft:egg":2}},"DataVersion":3953}