{"stats":{"minecraft:mined":{"minecraft:crafting_table":1,"minecraft:short_grass":3,"minecraft:grass_block":16,"minecraft:oak_log":77,"minecraft:dirt":19,"minecraft:stone":3,"minecraft:oak_leaves":15},"minecraft:broken":{"minecraft:wooden_axe":1},"minecraft:used":{"minecraft:oak_log":4,"minecraft:wooden_axe":59,"minecraft:baked_potato":4,"minecraft:iron_pickaxe":3,"minecraft:iron_helmet":1,"minecraft:iron_boots":1,"minecraft:stone_axe":20,"minecraft:iron_chestplate":1,"minecraft:dirt":20,"minecraft:crafting_table":2,"minecraft:oak_sapling":3,"minecraft:white_bed":1,"minecraft:iron_leggings":1},"minecraft:custom":{"minecraft:time_since_rest":3076,"minecraft:sprint_one_cm":92697,"minecraft:damage_taken":121,"minecraft:walk_one_cm":144774,"minecraft:damage_dealt":4,"minecraft:interact_with_crafting_table":2,"minecraft:fly_one_cm":16350,"minecraft:play_time":32892,"minecraft:sneak_time":15,"minecraft:walk_under_water_one_cm":468,"minecraft:jump":308,"minecraft:leave_game":2,"minecraft:walk_on_water_one_cm":5835,"minecraft:time_since_death":32892,"minecraft:sleep_in_bed":4,"minecraft:climb_one_cm":352,"minecraft:total_world_time":32892,"minecraft:fall_one_cm":2522},"minecraft:crafted":{"minecraft:oak_planks":44,"minecraft:crafting_table":1,"minecraft:stick":16,"minecraft:wooden_axe":1,"minecraft:stone_axe":1},"minecraft:picked_up":{"minecraft:stick":2,"minecraft:crafting_table":1,"minecraft:iron_chestplate":1,"minecraft:oak_log":76,"minecraft:white_bed":1,"minecraft:dirt":36,"minecraft:iron_leggings":1,"minecraft:apple":1,"minecraft:iron_helmet":1,"minecraft:baked_potato":64,"minecraft:iron_pickaxe":1,"minecraft:oak_sapling":3,"minecraft:iron_sword":1,"minecraft:iron_boots":1,"minecraft:cobblestone":3,"minecraft:egg":1}},"DataVersion":3953}