{"stats":{"minecraft:broken":{"minecraft:stone_axe":2},"minecraft:mined":{"minecraft:deepslate_tiles":5,"minecraft:white_bed":1,"minecraft:pink_bed":2,"minecraft:deepslate_diamond_ore":11,"minecraft:cherry_log":319,"minecraft:cherry_sapling":24,"minecraft:warped_door":1,"minecraft:granite":21,"minecraft:grass_block":76,"minecraft:composter":2,"minecraft:oxeye_daisy":2,"minecraft:glowstone":16,"minecraft:furnace":4,"minecraft:carrots":6,"minecraft:nether_sprouts":13,"minecraft:iron_ore":13,"minecraft:cobbled_deepslate":3,"minecraft:andesite":6,"minecraft:deepslate_lapis_ore":10,"minecraft:azure_bluet":20,"minecraft:pointed_dripstone":6,"minecraft:potatoes":3,"minecraft:deepslate_iron_ore":12,"minecraft:shroomlight":1,"minecraft:dirt_path":2,"minecraft:lantern":6,"minecraft:warped_stem":67,"minecraft:stone":61,"minecraft:deepslate_redstone_ore":22,"minecraft:cherry_planks":42,"minecraft:crafting_table":6,"minecraft:cornflower":7,"minecraft:torch":4,"minecraft:short_grass":140,"minecraft:poppy":22,"minecraft:warped_roots":39,"minecraft:glass":3,"minecraft:tall_grass":1,"minecraft:cobblestone":2,"minecraft:lapis_ore":3,"minecraft:deepslate_gold_ore":7,"minecraft:wall_torch":20,"minecraft:warped_wart_block":3,"minecraft:cherry_slab":33,"minecraft:pink_petals":122,"minecraft:chain":7,"minecraft:cherry_fence":2,"minecraft:warped_planks":19,"minecraft:wheat":174,"minecraft:warped_fungus":6,"minecraft:bee_nest":1,"minecraft:yellow_bed":3,"minecraft:beetroots":2,"minecraft:cherry_leaves":565,"minecraft:dirt":103,"minecraft:cobweb":39,"minecraft:netherrack":2,"minecraft:gold_ore":1,"minecraft:deepslate":45,"minecraft:warped_slab":6},"minecraft:killed_by":{"minecraft:enderman":2},"minecraft:custom":{"minecraft:interact_with_smithing_table":1,"minecraft:interact_with_anvil":2,"minecraft:mob_kills":23,"minecraft:animals_bred":46,"minecraft:interact_with_crafting_table":69,"minecraft:open_barrel":1,"minecraft:bell_ring":3,"minecraft:leave_game":8,"minecraft:time_since_death":20165,"minecraft:climb_one_cm":30644,"minecraft:sprint_one_cm":192049,"minecraft:walk_one_cm":3219421,"minecraft:damage_blocked_by_shield":270,"minecraft:drop":35,"minecraft:talked_to_villager":3,"minecraft:deaths":2,"minecraft:play_time":603822,"minecraft:sneak_time":18702,"minecraft:walk_under_water_one_cm":11067,"minecraft:boat_one_cm":12994,"minecraft:jump":5313,"minecraft:interact_with_blast_furnace":1,"minecraft:walk_on_water_one_cm":30417,"minecraft:total_world_time":603822,"minecraft:interact_with_furnace":47,"minecraft:interact_with_stonecutter":2,"minecraft:sleep_in_bed":10,"minecraft:time_since_rest":11181,"minecraft:damage_taken":2844,"minecraft:damage_dealt":4809,"minecraft:swim_one_cm":3671,"minecraft:fly_one_cm":223031,"minecraft:open_chest":127,"minecraft:crouch_one_cm":65100,"minecraft:fall_one_cm":79430,"minecraft:horse_one_cm":50813},"minecraft:used":{"minecraft:cherry_boat":2,"minecraft:cherry_sapling":65,"minecraft:stone_shovel":75,"minecraft:ladder":12,"minecraft:poppy":10,"minecraft:chest":1,"minecraft:shield":9,"minecraft:iron_sword":137,"minecraft:netherrack":4,"minecraft:torch":128,"minecraft:dirt":575,"minecraft:carrot":12,"minecraft:warped_door":3,"minecraft:tuff":1,"minecraft:granite":18,"minecraft:shroomlight":1,"minecraft:glass":19,"minecraft:lantern":11,"minecraft:iron_axe":235,"minecraft:cherry_slab":85,"minecraft:cherry_button":2,"minecraft:glowstone":7,"minecraft:oak_sapling":2,"minecraft:furnace":4,"minecraft:egg":108,"minecraft:potato":3,"minecraft:cooked_beef":14,"minecraft:cobbled_deepslate":16,"minecraft:cherry_fence":37,"minecraft:cherry_log":234,"minecraft:wheat_seeds":173,"minecraft:water_bucket":8,"minecraft:warped_stem":46,"minecraft:stone_pickaxe":55,"minecraft:baked_potato":14,"minecraft:oak_planks":1,"minecraft:cherry_planks":238,"minecraft:composter":2,"minecraft:warped_roots":2,"minecraft:glow_berries":8,"minecraft:crafting_table":8,"minecraft:warped_planks":67,"minecraft:deepslate_tiles":53,"minecraft:cornflower":6,"minecraft:oxeye_daisy":2,"minecraft:cherry_door":4,"minecraft:bread":2,"minecraft:iron_pickaxe":236,"minecraft:warped_slab":8,"minecraft:stone_axe":425,"minecraft:pink_petals":297,"minecraft:pink_bed":3,"minecraft:diamond_sword":56,"minecraft:cobblestone":61,"minecraft:chain":11,"minecraft:bucket":8,"minecraft:yellow_bed":4,"minecraft:bone_meal":74},"minecraft:dropped":{"minecraft:wheat_seeds":70,"minecraft:diamond":3,"minecraft:ender_pearl":4,"minecraft:saddle":1,"minecraft:coal":1,"minecraft:dirt":10,"minecraft:cherry_boat":1,"minecraft:ancient_debris":1,"minecraft:pointed_dripstone":21,"minecraft:composter":1,"minecraft:beetroot":3,"minecraft:rotten_flesh":12,"minecraft:beetroot_seeds":1,"minecraft:oak_sapling":1,"minecraft:stone_pickaxe":1,"minecraft:crying_obsidian":13},"minecraft:crafted":{"minecraft:cherry_planks":304,"minecraft:stone_shovel":1,"minecraft:leather_leggings":1,"minecraft:iron_nugget":54,"minecraft:cherry_slab":60,"minecraft:pink_bed":1,"minecraft:chain":4,"minecraft:cherry_boat":1,"minecraft:bone_meal":75,"minecraft:pink_dye":5,"minecraft:warped_planks":108,"minecraft:glass":28,"minecraft:lantern":4,"minecraft:iron_axe":1,"minecraft:ladder":12,"minecraft:chest":1,"minecraft:cherry_fence":36,"minecraft:cooked_beef":8,"minecraft:diamond_sword":1,"minecraft:crafting_table":2,"minecraft:baked_potato":64,"minecraft:cherry_button":2,"minecraft:bucket":1,"minecraft:hay_block":11,"minecraft:stone_axe":2,"minecraft:glowstone":2,"minecraft:warped_door":3,"minecraft:air":0,"minecraft:iron_chestplate":1,"minecraft:pink_wool":1,"minecraft:stick":84,"minecraft:warped_slab":6,"minecraft:iron_ingot":16,"minecraft:leather_chestplate":1,"minecraft:cherry_door":6,"minecraft:iron_leggings":1,"minecraft:torch":96},"minecraft:picked_up":{"minecraft:iron_chestplate":2,"minecraft:crafting_table":6,"minecraft:wheat":170,"minecraft:azure_bluet":13,"minecraft:chicken":1,"minecraft:leather_leggings":2,"minecraft:diamond_sword":2,"minecraft:lead":6,"minecraft:crimson_planks":40,"minecraft:chain":7,"minecraft:shield":2,"minecraft:cornflower":6,"minecraft:string":34,"minecraft:iron_axe":2,"minecraft:iron_leggings":2,"minecraft:shroomlight":2,"minecraft:beetroot":3,"minecraft:cherry_boat":3,"minecraft:deepslate_tiles":307,"minecraft:cobbled_deepslate":51,"minecraft:bucket":2,"minecraft:warped_slab":6,"minecraft:poppy":17,"minecraft:iron_pickaxe":3,"minecraft:furnace":4,"minecraft:iron_boots":3,"minecraft:egg":105,"minecraft:stick":18,"minecraft:raw_iron":24,"minecraft:composter":3,"minecraft:torch":27,"minecraft:cherry_log":321,"minecraft:pointed_dripstone":21,"minecraft:carrot":12,"minecraft:warped_planks":50,"minecraft:redstone":100,"minecraft:warped_door":6,"minecraft:stone_shovel":1,"minecraft:arrow":9,"minecraft:rotten_flesh":23,"minecraft:beetroot_seeds":4,"minecraft:glowstone":5,"minecraft:cobblestone":65,"minecraft:oxeye_daisy":2,"minecraft:pink_petals":302,"minecraft:leather_chestplate":2,"minecraft:cooked_beef":6,"minecraft:cherry_planks":41,"minecraft:glow_ink_sac":3,"minecraft:potato":3,"minecraft:tuff":1,"minecraft:ancient_debris":1,"minecraft:cherry_fence":2,"minecraft:yellow_bed":4,"minecraft:lapis_lazuli":82,"minecraft:dirt":585,"minecraft:lantern":7,"minecraft:bone":6,"minecraft:bow":3,"minecraft:wheat_seeds":560,"minecraft:raw_gold":8,"minecraft:warped_stem":73,"minecraft:stone_pickaxe":4,"minecraft:iron_ingot":11,"minecraft:glowstone_dust":137,"minecraft:iron_sword":3,"minecraft:oak_planks":1,"minecraft:pink_bed":2,"minecraft:warped_fungus":6,"minecraft:warped_wart_block":6,"minecraft:crying_obsidian":26,"minecraft:white_bed":1,"minecraft:spider_eye":2,"minecraft:diamond":22,"minecraft:stone_axe":4,"minecraft:iron_helmet":3,"minecraft:granite":40,"minecraft:cherry_sapling":65,"minecraft:bread":2,"minecraft:warped_roots":38,"minecraft:warped_nylium":1,"minecraft:baked_potato":119,"minecraft:oak_sapling":3,"minecraft:cherry_slab":33,"minecraft:netherrack":5,"minecraft:coal":130,"minecraft:ender_pearl":5},"minecraft:killed":{"minecraft:cave_spider":2,"minecraft:spider":2,"minecraft:skeleton":3,"minecraft:chicken":1,"minecraft:piglin":3,"minecraft:zombie_villager":1,"minecraft:wandering_trader":1,"minecraft:zombie":7,"minecraft:enderman":2}},"DataVersion":3953}