{"stats":{"minecraft:used":{"minecraft:cherry_boat":2,"minecraft:stone_pickaxe":55,"minecraft:shield":4,"minecraft:iron_sword":42,"minecraft:torch":10,"minecraft:dirt":1,"minecraft:crafting_table":1,"minecraft:tuff":1,"minecraft:granite":2,"minecraft:bread":2,"minecraft:iron_pickaxe":106,"minecraft:stone_axe":53,"minecraft:pink_bed":1,"minecraft:cobblestone":5,"minecraft:oak_sapling":2,"minecraft:yellow_bed":1,"minecraft:cooked_beef":6},"minecraft:mined":{"minecraft:deepslate_redstone_ore":22,"minecraft:white_bed":1,"minecraft:pink_bed":1,"minecraft:deepslate_diamond_ore":11,"minecraft:cherry_log":16,"minecraft:crafting_table":1,"minecraft:torch":3,"minecraft:granite":1,"minecraft:deepslate_gold_ore":7,"minecraft:lapis_ore":3,"minecraft:wall_torch":3,"minecraft:pink_petals":1,"minecraft:iron_ore":13,"minecraft:deepslate_lapis_ore":10,"minecraft:yellow_bed":1,"minecraft:bee_nest":1,"minecraft:pointed_dripstone":2,"minecraft:deepslate_iron_ore":12,"minecraft:cherry_leaves":74,"minecraft:dirt":1,"minecraft:stone":4,"minecraft:gold_ore":1,"minecraft:deepslate":45},"minecraft:crafted":{"minecraft:cooked_beef":8,"minecraft:cherry_planks":64,"minecraft:leather_leggings":1,"minecraft:pink_bed":1,"minecraft:cherry_boat":1,"minecraft:pink_dye":3,"minecraft:leather_chestplate":1,"minecraft:torch":4},"minecraft:dropped":{"minecraft:diamond":3,"minecraft:rotten_flesh":1,"minecraft:beetroot_seeds":1,"minecraft:oak_sapling":1,"minecraft:stone_pickaxe":1},"minecraft:picked_up":{"minecraft:pink_petals":5,"minecraft:crafting_table":1,"minecraft:cooked_beef":6,"minecraft:glow_ink_sac":3,"minecraft:tuff":1,"minecraft:yellow_bed":2,"minecraft:shield":1,"minecraft:lapis_lazuli":82,"minecraft:dirt":1,"minecraft:cherry_boat":2,"minecraft:wheat_seeds":2,"minecraft:cobbled_deepslate":48,"minecraft:raw_gold":8,"minecraft:stone_pickaxe":2,"minecraft:iron_pickaxe":1,"minecraft:iron_sword":1,"minecraft:iron_boots":1,"minecraft:egg":1,"minecraft:pink_bed":1,"minecraft:stick":3,"minecraft:raw_iron":24,"minecraft:torch":6,"minecraft:cherry_log":16,"minecraft:pointed_dripstone":16,"minecraft:white_bed":1,"minecraft:redstone":100,"minecraft:spider_eye":1,"minecraft:arrow":2,"minecraft:rotten_flesh":6,"minecraft:diamond":21,"minecraft:stone_axe":1,"minecraft:beetroot_seeds":1,"minecraft:iron_helmet":1,"minecraft:granite":2,"minecraft:cherry_sapling":8,"minecraft:bread":2,"minecraft:oak_sapling":3,"minecraft:coal":1,"minecraft:cobblestone":6},"minecraft:custom":{"minecraft:interact_with_furnace":6,"minecraft:mob_kills":6,"minecraft:animals_bred":1,"minecraft:interact_with_crafting_table":5,"minecraft:bell_ring":3,"minecraft:time_since_death":64754,"minecraft:sleep_in_bed":2,"minecraft:time_since_rest":41831,"minecraft:sprint_one_cm":7193,"minecraft:damage_taken":801,"minecraft:walk_one_cm":511311,"minecraft:damage_blocked_by_shield":115,"minecraft:drop":7,"minecraft:damage_dealt":1334,"minecraft:fly_one_cm":14115,"minecraft:open_chest":2,"minecraft:crouch_one_cm":7131,"minecraft:play_time":64754,"minecraft:sneak_time":2619,"minecraft:walk_under_water_one_cm":7194,"minecraft:boat_one_cm":12994,"minecraft:jump":888,"minecraft:walk_on_water_one_cm":5357,"minecraft:total_world_time":64754,"minecraft:fall_one_cm":17296},"minecraft:killed":{"minecraft:spider":1,"minecraft:skeleton":1,"minecraft:zombie":3}},"DataVersion":3953}