{"stats":{"minecraft:used":{"minecraft:cherry_boat":2,"minecraft:stone_pickaxe":55,"minecraft:shield":4,"minecraft:iron_sword":91,"minecraft:torch":15,"minecraft:glow_berries":8,"minecraft:dirt":1,"minecraft:crafting_table":1,"minecraft:tuff":1,"minecraft:granite":2,"minecraft:bread":2,"minecraft:iron_pickaxe":188,"minecraft:stone_axe":53,"minecraft:pink_bed":1,"minecraft:cobblestone":5,"minecraft:oak_sapling":2,"minecraft:yellow_bed":1,"minecraft:cobbled_deepslate":13,"minecraft:cooked_beef":7},"minecraft:mined":{"minecraft:deepslate_redstone_ore":22,"minecraft:white_bed":1,"minecraft:pink_bed":1,"minecraft:deepslate_diamond_ore":11,"minecraft:cherry_log":16,"minecraft:crafting_table":1,"minecraft:torch":3,"minecraft:granite":15,"minecraft:deepslate_gold_ore":7,"minecraft:lapis_ore":3,"minecraft:wall_torch":4,"minecraft:pink_petals":1,"minecraft:iron_ore":13,"minecraft:andesite":6,"minecraft:deepslate_lapis_ore":10,"minecraft:yellow_bed":1,"minecraft:bee_nest":1,"minecraft:pointed_dripstone":6,"minecraft:deepslate_iron_ore":12,"minecraft:cherry_leaves":74,"minecraft:dirt":1,"minecraft:cobweb":39,"minecraft:stone":61,"minecraft:gold_ore":1,"minecraft:deepslate":45},"minecraft:crafted":{"minecraft:cooked_beef":8,"minecraft:cherry_planks":64,"minecraft:leather_leggings":1,"minecraft:pink_bed":1,"minecraft:cherry_boat":1,"minecraft:pink_dye":3,"minecraft:leather_chestplate":1,"minecraft:torch":4},"minecraft:dropped":{"minecraft:diamond":3,"minecraft:rotten_flesh":1,"minecraft:beetroot_seeds":1,"minecraft:oak_sapling":1,"minecraft:stone_pickaxe":1},"minecraft:picked_up":{"minecraft:pink_petals":5,"minecraft:crafting_table":1,"minecraft:cooked_beef":6,"minecraft:glow_ink_sac":3,"minecraft:tuff":1,"minecraft:yellow_bed":2,"minecraft:shield":1,"minecraft:lapis_lazuli":82,"minecraft:string":34,"minecraft:dirt":1,"minecraft:cherry_boat":2,"minecraft:wheat_seeds":2,"minecraft:cobbled_deepslate":48,"minecraft:raw_gold":8,"minecraft:stone_pickaxe":2,"minecraft:iron_pickaxe":1,"minecraft:oak_planks":1,"minecraft:iron_sword":1,"minecraft:iron_boots":1,"minecraft:egg":1,"minecraft:pink_bed":1,"minecraft:stick":3,"minecraft:raw_iron":24,"minecraft:torch":7,"minecraft:cherry_log":16,"minecraft:pointed_dripstone":21,"minecraft:white_bed":1,"minecraft:redstone":100,"minecraft:spider_eye":2,"minecraft:arrow":2,"minecraft:rotten_flesh":6,"minecraft:diamond":22,"minecraft:stone_axe":1,"minecraft:beetroot_seeds":1,"minecraft:iron_helmet":1,"minecraft:granite":16,"minecraft:cherry_sapling":8,"minecraft:bread":2,"minecraft:oak_sapling":3,"minecraft:coal":2,"minecraft:cobblestone":62},"minecraft:custom":{"minecraft:interact_with_furnace":6,"minecraft:mob_kills":8,"minecraft:animals_bred":1,"minecraft:interact_with_crafting_table":5,"minecraft:bell_ring":3,"minecraft:time_since_death":76754,"minecraft:sleep_in_bed":2,"minecraft:time_since_rest":53831,"minecraft:sprint_one_cm":7816,"minecraft:damage_taken":932,"minecraft:walk_one_cm":569482,"minecraft:damage_blocked_by_shield":115,"minecraft:drop":7,"minecraft:damage_dealt":1456,"minecraft:fly_one_cm":14539,"minecraft:open_chest":2,"minecraft:crouch_one_cm":9814,"minecraft:play_time":76754,"minecraft:sneak_time":3474,"minecraft:walk_under_water_one_cm":7194,"minecraft:boat_one_cm":12994,"minecraft:jump":1102,"minecraft:walk_on_water_one_cm":6866,"minecraft:total_world_time":76754,"minecraft:fall_one_cm":18690},"minecraft:killed":{"minecraft:cave_spider":2,"minecraft:spider":1,"minecraft:skeleton":1,"minecraft:zombie":3}},"DataVersion":3953}