{"stats":{"minecraft:mined":{"minecraft:deepslate_redstone_ore":22,"minecraft:white_bed":1,"minecraft:cherry_planks":9,"minecraft:pink_bed":1,"minecraft:deepslate_diamond_ore":11,"minecraft:cherry_log":59,"minecraft:cherry_sapling":10,"minecraft:crafting_table":1,"minecraft:torch":3,"minecraft:granite":20,"minecraft:short_grass":77,"minecraft:grass_block":4,"minecraft:poppy":11,"minecraft:lapis_ore":3,"minecraft:deepslate_gold_ore":7,"minecraft:oxeye_daisy":1,"minecraft:wall_torch":4,"minecraft:pink_petals":2,"minecraft:iron_ore":13,"minecraft:andesite":6,"minecraft:deepslate_lapis_ore":10,"minecraft:bee_nest":1,"minecraft:yellow_bed":1,"minecraft:azure_bluet":10,"minecraft:pointed_dripstone":6,"minecraft:deepslate_iron_ore":12,"minecraft:cherry_leaves":200,"minecraft:dirt":1,"minecraft:cobweb":39,"minecraft:stone":61,"minecraft:gold_ore":1,"minecraft:deepslate":45},"minecraft:custom":{"minecraft:interact_with_furnace":15,"minecraft:mob_kills":9,"minecraft:animals_bred":1,"minecraft:interact_with_crafting_table":8,"minecraft:bell_ring":3,"minecraft:leave_game":1,"minecraft:time_since_death":111903,"minecraft:sleep_in_bed":4,"minecraft:time_since_rest":11341,"minecraft:sprint_one_cm":26833,"minecraft:damage_taken":982,"minecraft:walk_one_cm":861560,"minecraft:damage_blocked_by_shield":115,"minecraft:drop":9,"minecraft:damage_dealt":1516,"minecraft:fly_one_cm":26471,"minecraft:open_chest":10,"minecraft:crouch_one_cm":10564,"minecraft:play_time":111903,"minecraft:sneak_time":3698,"minecraft:walk_under_water_one_cm":7194,"minecraft:boat_one_cm":12994,"minecraft:jump":1439,"minecraft:walk_on_water_one_cm":6866,"minecraft:total_world_time":111903,"minecraft:fall_one_cm":22701},"minecraft:used":{"minecraft:cherry_boat":2,"minecraft:cherry_sapling":27,"minecraft:stone_pickaxe":55,"minecraft:poppy":9,"minecraft:shield":4,"minecraft:iron_sword":93,"minecraft:cherry_planks":193,"minecraft:torch":15,"minecraft:glow_berries":8,"minecraft:dirt":1,"minecraft:crafting_table":1,"minecraft:tuff":1,"minecraft:granite":7,"minecraft:glass":2,"minecraft:cherry_door":2,"minecraft:bread":2,"minecraft:iron_pickaxe":193,"minecraft:pink_petals":4,"minecraft:stone_axe":121,"minecraft:pink_bed":2,"minecraft:cobblestone":5,"minecraft:oak_sapling":2,"minecraft:yellow_bed":2,"minecraft:egg":1,"minecraft:cooked_beef":7,"minecraft:cobbled_deepslate":13,"minecraft:cherry_log":1,"minecraft:bone_meal":37},"minecraft:dropped":{"minecraft:diamond":3,"minecraft:pointed_dripstone":21,"minecraft:rotten_flesh":1,"minecraft:coal":1,"minecraft:beetroot_seeds":1,"minecraft:oak_sapling":1,"minecraft:stone_pickaxe":1},"minecraft:crafted":{"minecraft:cooked_beef":8,"minecraft:cherry_planks":232,"minecraft:leather_leggings":1,"minecraft:pink_bed":1,"minecraft:cherry_boat":1,"minecraft:bone_meal":42,"minecraft:pink_dye":3,"minecraft:air":0,"minecraft:glass":7,"minecraft:leather_chestplate":1,"minecraft:iron_ingot":16,"minecraft:cherry_door":3,"minecraft:torch":4},"minecraft:picked_up":{"minecraft:pink_petals":7,"minecraft:crafting_table":1,"minecraft:azure_bluet":3,"minecraft:cooked_beef":6,"minecraft:cherry_planks":9,"minecraft:glow_ink_sac":3,"minecraft:tuff":1,"minecraft:yellow_bed":2,"minecraft:shield":1,"minecraft:lapis_lazuli":82,"minecraft:dirt":1,"minecraft:string":34,"minecraft:cherry_boat":2,"minecraft:wheat_seeds":10,"minecraft:cobbled_deepslate":48,"minecraft:raw_gold":8,"minecraft:stone_pickaxe":2,"minecraft:poppy":9,"minecraft:iron_pickaxe":1,"minecraft:iron_sword":1,"minecraft:oak_planks":1,"minecraft:iron_boots":1,"minecraft:egg":1,"minecraft:pink_bed":1,"minecraft:stick":7,"minecraft:raw_iron":24,"minecraft:torch":7,"minecraft:cherry_log":66,"minecraft:pointed_dripstone":21,"minecraft:white_bed":1,"minecraft:redstone":100,"minecraft:spider_eye":2,"minecraft:arrow":2,"minecraft:rotten_flesh":7,"minecraft:stone_axe":2,"minecraft:diamond":22,"minecraft:beetroot_seeds":1,"minecraft:iron_helmet":1,"minecraft:granite":21,"minecraft:cherry_sapling":28,"minecraft:bread":2,"minecraft:oak_sapling":3,"minecraft:coal":3,"minecraft:cobblestone":62,"minecraft:oxeye_daisy":1},"minecraft:killed":{"minecraft:cave_spider":2,"minecraft:spider":1,"minecraft:skeleton":1,"minecraft:zombie":4}},"DataVersion":3953}