{"stats":{"minecraft:picked_up":{"minecraft:crafting_table":6,"minecraft:wheat":170,"minecraft:azure_bluet":13,"minecraft:chicken":1,"minecraft:lead":6,"minecraft:chain":7,"minecraft:shield":1,"minecraft:cornflower":6,"minecraft:string":34,"minecraft:shroomlight":2,"minecraft:beetroot":3,"minecraft:cherry_boat":3,"minecraft:deepslate_tiles":145,"minecraft:cobbled_deepslate":51,"minecraft:poppy":17,"minecraft:iron_pickaxe":1,"minecraft:egg":102,"minecraft:iron_boots":1,"minecraft:furnace":4,"minecraft:stick":18,"minecraft:raw_iron":24,"minecraft:composter":3,"minecraft:torch":27,"minecraft:cherry_log":321,"minecraft:pointed_dripstone":21,"minecraft:warped_planks":16,"minecraft:carrot":12,"minecraft:redstone":100,"minecraft:warped_door":2,"minecraft:rotten_flesh":23,"minecraft:arrow":3,"minecraft:beetroot_seeds":4,"minecraft:glowstone":5,"minecraft:cobblestone":65,"minecraft:oxeye_daisy":2,"minecraft:pink_petals":302,"minecraft:cooked_beef":6,"minecraft:cherry_planks":41,"minecraft:glow_ink_sac":3,"minecraft:potato":3,"minecraft:tuff":1,"minecraft:cherry_fence":2,"minecraft:yellow_bed":4,"minecraft:lapis_lazuli":82,"minecraft:dirt":583,"minecraft:lantern":7,"minecraft:bone":1,"minecraft:bow":1,"minecraft:wheat_seeds":560,"minecraft:warped_stem":57,"minecraft:raw_gold":8,"minecraft:iron_ingot":11,"minecraft:stone_pickaxe":2,"minecraft:glowstone_dust":41,"minecraft:oak_planks":1,"minecraft:iron_sword":1,"minecraft:pink_bed":2,"minecraft:warped_fungus":6,"minecraft:warped_wart_block":1,"minecraft:white_bed":1,"minecraft:spider_eye":2,"minecraft:diamond":22,"minecraft:stone_axe":2,"minecraft:iron_helmet":1,"minecraft:granite":22,"minecraft:cherry_sapling":65,"minecraft:warped_roots":36,"minecraft:bread":2,"minecraft:baked_potato":61,"minecraft:oak_sapling":3,"minecraft:cherry_slab":33,"minecraft:netherrack":1,"minecraft:coal":130,"minecraft:ender_pearl":2},"minecraft:crafted":{"minecraft:cherry_planks":304,"minecraft:stone_shovel":1,"minecraft:leather_leggings":1,"minecraft:iron_nugget":54,"minecraft:cherry_slab":60,"minecraft:pink_bed":1,"minecraft:chain":4,"minecraft:cherry_boat":1,"minecraft:bone_meal":75,"minecraft:pink_dye":5,"minecraft:warped_planks":64,"minecraft:glass":28,"minecraft:lantern":4,"minecraft:iron_axe":1,"minecraft:ladder":9,"minecraft:cherry_fence":36,"minecraft:cooked_beef":8,"minecraft:diamond_sword":1,"minecraft:crafting_table":2,"minecraft:baked_potato":64,"minecraft:cherry_button":2,"minecraft:bucket":1,"minecraft:hay_block":11,"minecraft:stone_axe":2,"minecraft:warped_door":3,"minecraft:air":0,"minecraft:iron_chestplate":1,"minecraft:pink_wool":1,"minecraft:stick":72,"minecraft:iron_ingot":16,"minecraft:leather_chestplate":1,"minecraft:cherry_door":6,"minecraft:iron_leggings":1,"minecraft:torch":96},"minecraft:custom":{"minecraft:interact_with_smithing_table":1,"minecraft:mob_kills":20,"minecraft:interact_with_anvil":2,"minecraft:animals_bred":46,"minecraft:interact_with_crafting_table":64,"minecraft:open_barrel":1,"minecraft:bell_ring":3,"minecraft:leave_game":7,"minecraft:time_since_death":565093,"minecraft:climb_one_cm":29324,"minecraft:sprint_one_cm":135399,"minecraft:walk_one_cm":3002119,"minecraft:damage_blocked_by_shield":270,"minecraft:drop":19,"minecraft:talked_to_villager":3,"minecraft:play_time":565093,"minecraft:sneak_time":17617,"minecraft:walk_under_water_one_cm":7951,"minecraft:boat_one_cm":12994,"minecraft:jump":4743,"minecraft:interact_with_blast_furnace":1,"minecraft:walk_on_water_one_cm":21944,"minecraft:total_world_time":565093,"minecraft:interact_with_furnace":47,"minecraft:interact_with_stonecutter":2,"minecraft:sleep_in_bed":9,"minecraft:time_since_rest":29156,"minecraft:damage_taken":2148,"minecraft:damage_dealt":3742,"minecraft:swim_one_cm":3671,"minecraft:fly_one_cm":156239,"minecraft:open_chest":119,"minecraft:crouch_one_cm":61461,"minecraft:fall_one_cm":69887,"minecraft:horse_one_cm":6069},"minecraft:broken":{"minecraft:stone_axe":2},"minecraft:mined":{"minecraft:deepslate_tiles":2,"minecraft:white_bed":1,"minecraft:pink_bed":2,"minecraft:deepslate_diamond_ore":11,"minecraft:cherry_log":319,"minecraft:cherry_sapling":24,"minecraft:warped_door":1,"minecraft:granite":21,"minecraft:grass_block":76,"minecraft:composter":2,"minecraft:oxeye_daisy":2,"minecraft:glowstone":12,"minecraft:furnace":4,"minecraft:carrots":6,"minecraft:nether_sprouts":13,"minecraft:iron_ore":13,"minecraft:cobbled_deepslate":3,"minecraft:andesite":6,"minecraft:deepslate_lapis_ore":10,"minecraft:azure_bluet":20,"minecraft:pointed_dripstone":6,"minecraft:potatoes":3,"minecraft:shroomlight":1,"minecraft:deepslate_iron_ore":12,"minecraft:dirt_path":2,"minecraft:warped_stem":63,"minecraft:lantern":6,"minecraft:stone":61,"minecraft:deepslate_redstone_ore":22,"minecraft:cherry_planks":42,"minecraft:crafting_table":6,"minecraft:cornflower":7,"minecraft:torch":4,"minecraft:short_grass":140,"minecraft:poppy":22,"minecraft:warped_roots":38,"minecraft:tall_grass":1,"minecraft:glass":3,"minecraft:cobblestone":2,"minecraft:lapis_ore":3,"minecraft:deepslate_gold_ore":7,"minecraft:wall_torch":20,"minecraft:warped_wart_block":1,"minecraft:cherry_slab":33,"minecraft:pink_petals":122,"minecraft:chain":7,"minecraft:cherry_fence":2,"minecraft:warped_planks":17,"minecraft:wheat":174,"minecraft:warped_fungus":6,"minecraft:bee_nest":1,"minecraft:yellow_bed":3,"minecraft:beetroots":2,"minecraft:cherry_leaves":565,"minecraft:dirt":101,"minecraft:cobweb":39,"minecraft:netherrack":2,"minecraft:gold_ore":1,"minecraft:deepslate":45},"minecraft:killed":{"minecraft:cave_spider":2,"minecraft:spider":2,"minecraft:skeleton":3,"minecraft:chicken":1,"minecraft:piglin":1,"minecraft:zombie_villager":1,"minecraft:wandering_trader":1,"minecraft:zombie":7,"minecraft:enderman":1},"minecraft:used":{"minecraft:cherry_boat":2,"minecraft:cherry_sapling":65,"minecraft:stone_shovel":75,"minecraft:ladder":8,"minecraft:poppy":10,"minecraft:shield":9,"minecraft:iron_sword":137,"minecraft:torch":128,"minecraft:dirt":575,"minecraft:carrot":12,"minecraft:warped_door":3,"minecraft:tuff":1,"minecraft:granite":8,"minecraft:shroomlight":1,"minecraft:glass":19,"minecraft:lantern":11,"minecraft:iron_axe":223,"minecraft:cherry_slab":85,"minecraft:cherry_button":2,"minecraft:glowstone":5,"minecraft:oak_sapling":2,"minecraft:furnace":4,"minecraft:egg":106,"minecraft:cooked_beef":14,"minecraft:potato":3,"minecraft:cobbled_deepslate":16,"minecraft:cherry_fence":37,"minecraft:cherry_log":234,"minecraft:wheat_seeds":173,"minecraft:water_bucket":8,"minecraft:warped_stem":39,"minecraft:stone_pickaxe":55,"minecraft:baked_potato":8,"minecraft:oak_planks":1,"minecraft:cherry_planks":238,"minecraft:composter":2,"minecraft:warped_roots":1,"minecraft:glow_berries":8,"minecraft:crafting_table":8,"minecraft:warped_planks":64,"minecraft:deepslate_tiles":27,"minecraft:cornflower":6,"minecraft:oxeye_daisy":2,"minecraft:cherry_door":4,"minecraft:bread":2,"minecraft:iron_pickaxe":233,"minecraft:stone_axe":425,"minecraft:pink_petals":297,"minecraft:pink_bed":3,"minecraft:diamond_sword":26,"minecraft:cobblestone":61,"minecraft:chain":11,"minecraft:bucket":8,"minecraft:yellow_bed":4,"minecraft:bone_meal":74},"minecraft:dropped":{"minecraft:wheat_seeds":70,"minecraft:ender_pearl":1,"minecraft:diamond":3,"minecraft:coal":1,"minecraft:dirt":10,"minecraft:cherry_boat":1,"minecraft:composter":1,"minecraft:pointed_dripstone":21,"minecraft:beetroot":3,"minecraft:rotten_flesh":12,"minecraft:beetroot_seeds":1,"minecraft:oak_sapling":1,"minecraft:stone_pickaxe":1}},"DataVersion":3953}