{"stats":{"minecraft:used":{"minecraft:stone_pickaxe":55,"minecraft:iron_sword":5,"minecraft:torch":6,"minecraft:dirt":1,"minecraft:crafting_table":1,"minecraft:granite":2,"minecraft:bread":2,"minecraft:iron_pickaxe":9,"minecraft:stone_axe":53,"minecraft:pink_bed":1,"minecraft:cobblestone":2,"minecraft:oak_sapling":2,"minecraft:yellow_bed":1,"minecraft:cooked_beef":2},"minecraft:mined":{"minecraft:white_bed":1,"minecraft:pink_bed":1,"minecraft:deepslate_diamond_ore":1,"minecraft:cherry_log":16,"minecraft:crafting_table":1,"minecraft:torch":3,"minecraft:granite":1,"minecraft:wall_torch":3,"minecraft:pink_petals":1,"minecraft:iron_ore":13,"minecraft:deepslate_lapis_ore":10,"minecraft:yellow_bed":1,"minecraft:bee_nest":1,"minecraft:pointed_dripstone":2,"minecraft:deepslate_iron_ore":1,"minecraft:cherry_leaves":74,"minecraft:dirt":1,"minecraft:stone":4,"minecraft:gold_ore":1,"minecraft:deepslate":2},"minecraft:crafted":{"minecraft:cooked_beef":8,"minecraft:cherry_planks":64,"minecraft:leather_leggings":1,"minecraft:pink_bed":1,"minecraft:pink_dye":3,"minecraft:leather_chestplate":1},"minecraft:dropped":{"minecraft:rotten_flesh":1,"minecraft:beetroot_seeds":1,"minecraft:stone_pickaxe":1},"minecraft:picked_up":{"minecraft:pink_petals":5,"minecraft:crafting_table":1,"minecraft:cooked_beef":6,"minecraft:glow_ink_sac":1,"minecraft:yellow_bed":2,"minecraft:shield":1,"minecraft:lapis_lazuli":65,"minecraft:dirt":1,"minecraft:wheat_seeds":2,"minecraft:cobbled_deepslate":2,"minecraft:raw_gold":1,"minecraft:stone_pickaxe":2,"minecraft:iron_pickaxe":1,"minecraft:iron_sword":1,"minecraft:iron_boots":1,"minecraft:egg":1,"minecraft:pink_bed":1,"minecraft:stick":3,"minecraft:raw_iron":14,"minecraft:torch":6,"minecraft:cherry_log":16,"minecraft:pointed_dripstone":16,"minecraft:white_bed":1,"minecraft:spider_eye":1,"minecraft:rotten_flesh":2,"minecraft:stone_axe":1,"minecraft:beetroot_seeds":1,"minecraft:iron_helmet":1,"minecraft:granite":2,"minecraft:cherry_sapling":8,"minecraft:bread":2,"minecraft:oak_sapling":3,"minecraft:coal":1,"minecraft:cobblestone":5},"minecraft:custom":{"minecraft:interact_with_furnace":6,"minecraft:mob_kills":2,"minecraft:animals_bred":1,"minecraft:interact_with_crafting_table":4,"minecraft:bell_ring":3,"minecraft:time_since_death":40754,"minecraft:sleep_in_bed":2,"minecraft:time_since_rest":17831,"minecraft:sprint_one_cm":3347,"minecraft:damage_taken":294,"minecraft:walk_one_cm":335298,"minecraft:drop":3,"minecraft:damage_dealt":467,"minecraft:fly_one_cm":6456,"minecraft:open_chest":2,"minecraft:crouch_one_cm":2389,"minecraft:play_time":40754,"minecraft:sneak_time":1130,"minecraft:walk_under_water_one_cm":4957,"minecraft:jump":511,"minecraft:walk_on_water_one_cm":2295,"minecraft:total_world_time":40754,"minecraft:fall_one_cm":11020},"minecraft:killed":{"minecraft:zombie":1}},"DataVersion":3953}