{"stats":{"minecraft:picked_up":{"minecraft:pink_petals":279,"minecraft:crafting_table":3,"minecraft:azure_bluet":3,"minecraft:cooked_beef":6,"minecraft:cherry_planks":34,"minecraft:glow_ink_sac":3,"minecraft:tuff":1,"minecraft:yellow_bed":2,"minecraft:shield":1,"minecraft:lapis_lazuli":82,"minecraft:dirt":52,"minecraft:string":34,"minecraft:cherry_boat":2,"minecraft:wheat_seeds":11,"minecraft:cobbled_deepslate":48,"minecraft:raw_gold":8,"minecraft:stone_pickaxe":2,"minecraft:poppy":10,"minecraft:iron_pickaxe":1,"minecraft:iron_sword":1,"minecraft:oak_planks":1,"minecraft:egg":8,"minecraft:iron_boots":1,"minecraft:furnace":2,"minecraft:pink_bed":1,"minecraft:stick":7,"minecraft:raw_iron":24,"minecraft:torch":9,"minecraft:cherry_log":162,"minecraft:pointed_dripstone":21,"minecraft:white_bed":1,"minecraft:redstone":100,"minecraft:spider_eye":2,"minecraft:arrow":2,"minecraft:rotten_flesh":8,"minecraft:stone_axe":2,"minecraft:diamond":22,"minecraft:beetroot_seeds":1,"minecraft:iron_helmet":1,"minecraft:granite":21,"minecraft:cherry_sapling":30,"minecraft:bread":2,"minecraft:oak_sapling":3,"minecraft:cherry_slab":2,"minecraft:coal":55,"minecraft:cobblestone":64,"minecraft:oxeye_daisy":1},"minecraft:crafted":{"minecraft:cooked_beef":8,"minecraft:cherry_planks":232,"minecraft:stone_shovel":1,"minecraft:leather_leggings":1,"minecraft:crafting_table":1,"minecraft:cherry_slab":6,"minecraft:pink_bed":1,"minecraft:cherry_boat":1,"minecraft:bone_meal":42,"minecraft:pink_dye":3,"minecraft:stone_axe":2,"minecraft:air":0,"minecraft:glass":28,"minecraft:leather_chestplate":1,"minecraft:iron_ingot":16,"minecraft:cherry_door":3,"minecraft:torch":4},"minecraft:custom":{"minecraft:interact_with_furnace":23,"minecraft:mob_kills":9,"minecraft:animals_bred":1,"minecraft:interact_with_crafting_table":11,"minecraft:bell_ring":3,"minecraft:leave_game":2,"minecraft:time_since_death":178999,"minecraft:sleep_in_bed":6,"minecraft:time_since_rest":49665,"minecraft:sprint_one_cm":39337,"minecraft:damage_taken":1032,"minecraft:walk_one_cm":1128904,"minecraft:damage_blocked_by_shield":115,"minecraft:drop":9,"minecraft:damage_dealt":1516,"minecraft:fly_one_cm":40022,"minecraft:open_chest":14,"minecraft:crouch_one_cm":14811,"minecraft:play_time":178999,"minecraft:sneak_time":4673,"minecraft:walk_under_water_one_cm":7194,"minecraft:boat_one_cm":12994,"minecraft:jump":1879,"minecraft:walk_on_water_one_cm":8766,"minecraft:total_world_time":178999,"minecraft:fall_one_cm":28765},"minecraft:broken":{"minecraft:stone_axe":1},"minecraft:mined":{"minecraft:deepslate_redstone_ore":22,"minecraft:white_bed":1,"minecraft:cherry_planks":35,"minecraft:pink_bed":1,"minecraft:deepslate_diamond_ore":11,"minecraft:cherry_log":155,"minecraft:cherry_sapling":11,"minecraft:crafting_table":3,"minecraft:torch":3,"minecraft:granite":20,"minecraft:short_grass":106,"minecraft:grass_block":53,"minecraft:poppy":12,"minecraft:cobblestone":2,"minecraft:lapis_ore":3,"minecraft:deepslate_gold_ore":7,"minecraft:oxeye_daisy":1,"minecraft:wall_torch":6,"minecraft:cherry_slab":2,"minecraft:pink_petals":117,"minecraft:furnace":2,"minecraft:iron_ore":13,"minecraft:andesite":6,"minecraft:deepslate_lapis_ore":10,"minecraft:bee_nest":1,"minecraft:yellow_bed":1,"minecraft:azure_bluet":10,"minecraft:pointed_dripstone":6,"minecraft:deepslate_iron_ore":12,"minecraft:dirt_path":2,"minecraft:cherry_leaves":209,"minecraft:dirt":1,"minecraft:cobweb":39,"minecraft:stone":61,"minecraft:gold_ore":1,"minecraft:deepslate":45},"minecraft:killed":{"minecraft:cave_spider":2,"minecraft:spider":1,"minecraft:skeleton":1,"minecraft:zombie":4},"minecraft:used":{"minecraft:cherry_boat":2,"minecraft:cherry_sapling":29,"minecraft:stone_shovel":52,"minecraft:stone_pickaxe":55,"minecraft:poppy":10,"minecraft:oak_planks":1,"minecraft:iron_sword":93,"minecraft:shield":4,"minecraft:cherry_planks":193,"minecraft:torch":17,"minecraft:glow_berries":8,"minecraft:dirt":4,"minecraft:crafting_table":3,"minecraft:tuff":1,"minecraft:granite":7,"minecraft:glass":12,"minecraft:cherry_door":2,"minecraft:cherry_slab":8,"minecraft:bread":2,"minecraft:iron_pickaxe":197,"minecraft:pink_bed":2,"minecraft:stone_axe":315,"minecraft:pink_petals":276,"minecraft:cobblestone":58,"minecraft:oak_sapling":2,"minecraft:furnace":2,"minecraft:yellow_bed":2,"minecraft:egg":4,"minecraft:cooked_beef":9,"minecraft:cobbled_deepslate":13,"minecraft:cherry_log":51,"minecraft:bone_meal":41},"minecraft:dropped":{"minecraft:diamond":3,"minecraft:pointed_dripstone":21,"minecraft:rotten_flesh":1,"minecraft:coal":1,"minecraft:beetroot_seeds":1,"minecraft:oak_sapling":1,"minecraft:stone_pickaxe":1}},"DataVersion":3953}