{"stats":{"minecraft:picked_up":{"minecraft:pink_petals":279,"minecraft:crafting_table":4,"minecraft:azure_bluet":3,"minecraft:cooked_beef":6,"minecraft:cherry_planks":41,"minecraft:glow_ink_sac":3,"minecraft:tuff":1,"minecraft:yellow_bed":4,"minecraft:shield":1,"minecraft:lapis_lazuli":82,"minecraft:dirt":76,"minecraft:string":34,"minecraft:cherry_boat":2,"minecraft:wheat_seeds":11,"minecraft:cobbled_deepslate":48,"minecraft:raw_gold":8,"minecraft:stone_pickaxe":2,"minecraft:poppy":10,"minecraft:iron_pickaxe":1,"minecraft:iron_sword":1,"minecraft:oak_planks":1,"minecraft:egg":16,"minecraft:iron_boots":1,"minecraft:furnace":2,"minecraft:pink_bed":2,"minecraft:stick":7,"minecraft:raw_iron":24,"minecraft:torch":9,"minecraft:cherry_log":206,"minecraft:pointed_dripstone":21,"minecraft:white_bed":1,"minecraft:redstone":100,"minecraft:spider_eye":2,"minecraft:arrow":2,"minecraft:rotten_flesh":8,"minecraft:stone_axe":2,"minecraft:diamond":22,"minecraft:beetroot_seeds":1,"minecraft:iron_helmet":1,"minecraft:granite":21,"minecraft:cherry_sapling":30,"minecraft:bread":2,"minecraft:oak_sapling":3,"minecraft:cherry_slab":2,"minecraft:coal":55,"minecraft:cobblestone":65,"minecraft:oxeye_daisy":1},"minecraft:crafted":{"minecraft:cooked_beef":8,"minecraft:cherry_planks":304,"minecraft:stone_shovel":1,"minecraft:leather_leggings":1,"minecraft:crafting_table":1,"minecraft:cherry_slab":12,"minecraft:pink_bed":1,"minecraft:cherry_boat":1,"minecraft:bone_meal":42,"minecraft:pink_dye":3,"minecraft:stone_axe":2,"minecraft:air":0,"minecraft:glass":28,"minecraft:ladder":9,"minecraft:stick":68,"minecraft:leather_chestplate":1,"minecraft:iron_ingot":16,"minecraft:cherry_door":6,"minecraft:torch":4,"minecraft:cherry_fence":36},"minecraft:custom":{"minecraft:interact_with_furnace":26,"minecraft:mob_kills":9,"minecraft:animals_bred":2,"minecraft:interact_with_crafting_table":25,"minecraft:bell_ring":3,"minecraft:leave_game":2,"minecraft:time_since_death":214999,"minecraft:sleep_in_bed":7,"minecraft:climb_one_cm":10951,"minecraft:time_since_rest":3095,"minecraft:sprint_one_cm":40030,"minecraft:damage_taken":1089,"minecraft:walk_one_cm":1274990,"minecraft:damage_blocked_by_shield":115,"minecraft:drop":9,"minecraft:damage_dealt":1526,"minecraft:fly_one_cm":40107,"minecraft:open_chest":32,"minecraft:crouch_one_cm":19990,"minecraft:play_time":214999,"minecraft:sneak_time":6786,"minecraft:walk_under_water_one_cm":7194,"minecraft:boat_one_cm":12994,"minecraft:jump":2114,"minecraft:walk_on_water_one_cm":8766,"minecraft:total_world_time":214999,"minecraft:fall_one_cm":32862},"minecraft:broken":{"minecraft:stone_axe":1},"minecraft:mined":{"minecraft:deepslate_redstone_ore":22,"minecraft:white_bed":1,"minecraft:cherry_planks":42,"minecraft:pink_bed":2,"minecraft:deepslate_diamond_ore":11,"minecraft:cherry_log":199,"minecraft:cherry_sapling":11,"minecraft:crafting_table":4,"minecraft:torch":3,"minecraft:granite":20,"minecraft:short_grass":106,"minecraft:grass_block":53,"minecraft:poppy":12,"minecraft:glass":2,"minecraft:cobblestone":2,"minecraft:lapis_ore":3,"minecraft:deepslate_gold_ore":7,"minecraft:oxeye_daisy":1,"minecraft:wall_torch":6,"minecraft:cherry_slab":2,"minecraft:pink_petals":117,"minecraft:furnace":2,"minecraft:iron_ore":13,"minecraft:andesite":6,"minecraft:deepslate_lapis_ore":10,"minecraft:bee_nest":1,"minecraft:yellow_bed":3,"minecraft:azure_bluet":10,"minecraft:pointed_dripstone":6,"minecraft:deepslate_iron_ore":12,"minecraft:dirt_path":2,"minecraft:cherry_leaves":228,"minecraft:dirt":32,"minecraft:cobweb":39,"minecraft:stone":61,"minecraft:gold_ore":1,"minecraft:deepslate":45},"minecraft:killed":{"minecraft:cave_spider":2,"minecraft:spider":1,"minecraft:skeleton":1,"minecraft:zombie":4},"minecraft:used":{"minecraft:cherry_boat":2,"minecraft:cherry_sapling":30,"minecraft:stone_shovel":52,"minecraft:stone_pickaxe":55,"minecraft:ladder":8,"minecraft:poppy":10,"minecraft:oak_planks":1,"minecraft:iron_sword":93,"minecraft:shield":4,"minecraft:cherry_planks":238,"minecraft:torch":19,"minecraft:glow_berries":8,"minecraft:dirt":34,"minecraft:crafting_table":3,"minecraft:tuff":1,"minecraft:granite":7,"minecraft:glass":18,"minecraft:cherry_door":4,"minecraft:cherry_slab":14,"minecraft:bread":2,"minecraft:iron_pickaxe":197,"minecraft:pink_bed":3,"minecraft:stone_axe":369,"minecraft:pink_petals":276,"minecraft:cobblestone":59,"minecraft:oak_sapling":2,"minecraft:furnace":2,"minecraft:yellow_bed":4,"minecraft:egg":20,"minecraft:cherry_fence":34,"minecraft:cooked_beef":11,"minecraft:cobbled_deepslate":13,"minecraft:cherry_log":133,"minecraft:bone_meal":41},"minecraft:dropped":{"minecraft:diamond":3,"minecraft:pointed_dripstone":21,"minecraft:rotten_flesh":1,"minecraft:coal":1,"minecraft:beetroot_seeds":1,"minecraft:oak_sapling":1,"minecraft:stone_pickaxe":1}},"DataVersion":3953}