{"stats":{"minecraft:used":{"minecraft:cherry_boat":1,"minecraft:stone_pickaxe":55,"minecraft:shield":4,"minecraft:iron_sword":25,"minecraft:torch":8,"minecraft:dirt":1,"minecraft:crafting_table":1,"minecraft:granite":2,"minecraft:bread":2,"minecraft:iron_pickaxe":43,"minecraft:stone_axe":53,"minecraft:pink_bed":1,"minecraft:cobblestone":5,"minecraft:oak_sapling":2,"minecraft:yellow_bed":1,"minecraft:cooked_beef":4},"minecraft:mined":{"minecraft:deepslate_redstone_ore":3,"minecraft:white_bed":1,"minecraft:pink_bed":1,"minecraft:deepslate_diamond_ore":11,"minecraft:cherry_log":16,"minecraft:crafting_table":1,"minecraft:torch":3,"minecraft:granite":1,"minecraft:deepslate_gold_ore":7,"minecraft:lapis_ore":3,"minecraft:wall_torch":3,"minecraft:pink_petals":1,"minecraft:iron_ore":13,"minecraft:deepslate_lapis_ore":10,"minecraft:yellow_bed":1,"minecraft:bee_nest":1,"minecraft:pointed_dripstone":2,"minecraft:deepslate_iron_ore":6,"minecraft:cherry_leaves":74,"minecraft:dirt":1,"minecraft:stone":4,"minecraft:gold_ore":1,"minecraft:deepslate":7},"minecraft:crafted":{"minecraft:cooked_beef":8,"minecraft:cherry_planks":64,"minecraft:leather_leggings":1,"minecraft:pink_bed":1,"minecraft:cherry_boat":1,"minecraft:pink_dye":3,"minecraft:leather_chestplate":1,"minecraft:torch":4},"minecraft:dropped":{"minecraft:rotten_flesh":1,"minecraft:beetroot_seeds":1,"minecraft:oak_sapling":1,"minecraft:stone_pickaxe":1},"minecraft:picked_up":{"minecraft:pink_petals":5,"minecraft:crafting_table":1,"minecraft:cooked_beef":6,"minecraft:glow_ink_sac":1,"minecraft:tuff":1,"minecraft:yellow_bed":2,"minecraft:shield":1,"minecraft:lapis_lazuli":82,"minecraft:dirt":1,"minecraft:cherry_boat":1,"minecraft:wheat_seeds":2,"minecraft:cobbled_deepslate":7,"minecraft:raw_gold":8,"minecraft:stone_pickaxe":2,"minecraft:iron_pickaxe":1,"minecraft:iron_sword":1,"minecraft:iron_boots":1,"minecraft:egg":1,"minecraft:pink_bed":1,"minecraft:stick":3,"minecraft:raw_iron":18,"minecraft:torch":6,"minecraft:cherry_log":16,"minecraft:pointed_dripstone":16,"minecraft:white_bed":1,"minecraft:redstone":14,"minecraft:spider_eye":1,"minecraft:arrow":2,"minecraft:rotten_flesh":4,"minecraft:diamond":20,"minecraft:stone_axe":1,"minecraft:beetroot_seeds":1,"minecraft:iron_helmet":1,"minecraft:granite":2,"minecraft:cherry_sapling":8,"minecraft:bread":2,"minecraft:oak_sapling":3,"minecraft:coal":1,"minecraft:cobblestone":6},"minecraft:custom":{"minecraft:interact_with_furnace":6,"minecraft:mob_kills":4,"minecraft:animals_bred":1,"minecraft:interact_with_crafting_table":5,"minecraft:bell_ring":3,"minecraft:time_since_death":52754,"minecraft:sleep_in_bed":2,"minecraft:time_since_rest":29831,"minecraft:sprint_one_cm":4269,"minecraft:damage_taken":569,"minecraft:walk_one_cm":428204,"minecraft:damage_blocked_by_shield":115,"minecraft:drop":4,"minecraft:damage_dealt":905,"minecraft:fly_one_cm":10131,"minecraft:open_chest":2,"minecraft:crouch_one_cm":3606,"minecraft:play_time":52754,"minecraft:sneak_time":1752,"minecraft:walk_under_water_one_cm":4957,"minecraft:boat_one_cm":4429,"minecraft:jump":694,"minecraft:walk_on_water_one_cm":4070,"minecraft:total_world_time":52754,"minecraft:fall_one_cm":13178},"minecraft:killed":{"minecraft:skeleton":1,"minecraft:zombie":2}},"DataVersion":3953}