{"stats":{"minecraft:picked_up":{"minecraft:crafting_table":6,"minecraft:wheat":1,"minecraft:azure_bluet":3,"minecraft:lead":1,"minecraft:shield":1,"minecraft:string":34,"minecraft:beetroot":1,"minecraft:cherry_boat":2,"minecraft:cobbled_deepslate":48,"minecraft:poppy":10,"minecraft:iron_pickaxe":1,"minecraft:furnace":4,"minecraft:iron_boots":1,"minecraft:egg":20,"minecraft:raw_iron":24,"minecraft:stick":7,"minecraft:composter":2,"minecraft:torch":19,"minecraft:cherry_log":206,"minecraft:pointed_dripstone":21,"minecraft:carrot":12,"minecraft:redstone":100,"minecraft:rotten_flesh":12,"minecraft:arrow":3,"minecraft:beetroot_seeds":4,"minecraft:cobblestone":65,"minecraft:oxeye_daisy":2,"minecraft:pink_petals":294,"minecraft:cooked_beef":6,"minecraft:cherry_planks":41,"minecraft:glow_ink_sac":3,"minecraft:potato":3,"minecraft:tuff":1,"minecraft:cherry_fence":2,"minecraft:yellow_bed":4,"minecraft:lapis_lazuli":82,"minecraft:dirt":98,"minecraft:bone":1,"minecraft:bow":1,"minecraft:wheat_seeds":21,"minecraft:raw_gold":8,"minecraft:iron_ingot":11,"minecraft:stone_pickaxe":2,"minecraft:oak_planks":1,"minecraft:iron_sword":1,"minecraft:pink_bed":2,"minecraft:white_bed":1,"minecraft:spider_eye":2,"minecraft:diamond":22,"minecraft:stone_axe":2,"minecraft:iron_helmet":1,"minecraft:granite":21,"minecraft:cherry_sapling":30,"minecraft:bread":2,"minecraft:oak_sapling":3,"minecraft:cherry_slab":2,"minecraft:coal":130},"minecraft:crafted":{"minecraft:cherry_planks":304,"minecraft:stone_shovel":1,"minecraft:leather_leggings":1,"minecraft:iron_nugget":54,"minecraft:cherry_slab":24,"minecraft:pink_bed":1,"minecraft:chain":4,"minecraft:cherry_boat":1,"minecraft:bone_meal":42,"minecraft:pink_dye":4,"minecraft:glass":28,"minecraft:lantern":4,"minecraft:ladder":9,"minecraft:cherry_fence":36,"minecraft:cooked_beef":8,"minecraft:crafting_table":1,"minecraft:stone_axe":2,"minecraft:air":0,"minecraft:stick":68,"minecraft:iron_ingot":16,"minecraft:leather_chestplate":1,"minecraft:cherry_door":6,"minecraft:torch":96},"minecraft:custom":{"minecraft:interact_with_smithing_table":1,"minecraft:mob_kills":14,"minecraft:animals_bred":2,"minecraft:interact_with_crafting_table":37,"minecraft:open_barrel":1,"minecraft:bell_ring":3,"minecraft:leave_game":2,"minecraft:time_since_death":256999,"minecraft:climb_one_cm":14213,"minecraft:sprint_one_cm":65984,"minecraft:walk_one_cm":1580031,"minecraft:damage_blocked_by_shield":175,"minecraft:drop":10,"minecraft:talked_to_villager":2,"minecraft:play_time":256999,"minecraft:sneak_time":7227,"minecraft:walk_under_water_one_cm":7194,"minecraft:boat_one_cm":12994,"minecraft:jump":2747,"minecraft:walk_on_water_one_cm":8922,"minecraft:total_world_time":256999,"minecraft:interact_with_furnace":37,"minecraft:sleep_in_bed":7,"minecraft:time_since_rest":45095,"minecraft:damage_taken":1336,"minecraft:damage_dealt":2472,"minecraft:fly_one_cm":55058,"minecraft:open_chest":44,"minecraft:crouch_one_cm":22171,"minecraft:fall_one_cm":39560,"minecraft:horse_one_cm":2914},"minecraft:broken":{"minecraft:stone_axe":1},"minecraft:mined":{"minecraft:white_bed":1,"minecraft:pink_bed":2,"minecraft:deepslate_diamond_ore":11,"minecraft:cherry_log":199,"minecraft:cherry_sapling":11,"minecraft:granite":20,"minecraft:grass_block":53,"minecraft:composter":2,"minecraft:oxeye_daisy":2,"minecraft:furnace":4,"minecraft:carrots":6,"minecraft:iron_ore":13,"minecraft:andesite":6,"minecraft:deepslate_lapis_ore":10,"minecraft:azure_bluet":10,"minecraft:potatoes":3,"minecraft:pointed_dripstone":6,"minecraft:deepslate_iron_ore":12,"minecraft:dirt_path":2,"minecraft:stone":61,"minecraft:deepslate_redstone_ore":22,"minecraft:cherry_planks":42,"minecraft:crafting_table":6,"minecraft:torch":3,"minecraft:short_grass":106,"minecraft:poppy":12,"minecraft:glass":2,"minecraft:cobblestone":2,"minecraft:deepslate_gold_ore":7,"minecraft:lapis_ore":3,"minecraft:wall_torch":15,"minecraft:cherry_slab":2,"minecraft:pink_petals":119,"minecraft:cherry_fence":2,"minecraft:wheat":3,"minecraft:yellow_bed":3,"minecraft:bee_nest":1,"minecraft:beetroots":2,"minecraft:cherry_leaves":228,"minecraft:dirt":34,"minecraft:cobweb":39,"minecraft:gold_ore":1,"minecraft:deepslate":45},"minecraft:killed":{"minecraft:cave_spider":2,"minecraft:spider":2,"minecraft:skeleton":2,"minecraft:zombie_villager":1,"minecraft:zombie":6},"minecraft:used":{"minecraft:cherry_boat":2,"minecraft:cherry_sapling":30,"minecraft:stone_shovel":52,"minecraft:poppy":10,"minecraft:ladder":8,"minecraft:shield":6,"minecraft:iron_sword":128,"minecraft:torch":112,"minecraft:dirt":58,"minecraft:tuff":1,"minecraft:granite":7,"minecraft:glass":18,"minecraft:cherry_slab":26,"minecraft:furnace":4,"minecraft:oak_sapling":2,"minecraft:egg":24,"minecraft:cooked_beef":14,"minecraft:cobbled_deepslate":13,"minecraft:cherry_fence":37,"minecraft:cherry_log":133,"minecraft:stone_pickaxe":55,"minecraft:oak_planks":1,"minecraft:cherry_planks":238,"minecraft:glow_berries":8,"minecraft:crafting_table":6,"minecraft:cherry_door":4,"minecraft:bread":2,"minecraft:iron_pickaxe":199,"minecraft:stone_axe":389,"minecraft:pink_petals":290,"minecraft:pink_bed":3,"minecraft:cobblestone":61,"minecraft:chain":1,"minecraft:yellow_bed":4,"minecraft:bone_meal":41},"minecraft:dropped":{"minecraft:wheat_seeds":6,"minecraft:diamond":3,"minecraft:coal":1,"minecraft:pointed_dripstone":21,"minecraft:rotten_flesh":1,"minecraft:beetroot_seeds":1,"minecraft:oak_sapling":1,"minecraft:stone_pickaxe":1}},"DataVersion":3953}