{"stats":{"minecraft:broken":{"minecraft:stone_axe":1},"minecraft:mined":{"minecraft:white_bed":1,"minecraft:pink_bed":2,"minecraft:deepslate_diamond_ore":11,"minecraft:cherry_log":199,"minecraft:cherry_sapling":11,"minecraft:granite":21,"minecraft:grass_block":53,"minecraft:composter":2,"minecraft:oxeye_daisy":2,"minecraft:furnace":4,"minecraft:carrots":6,"minecraft:iron_ore":13,"minecraft:andesite":6,"minecraft:deepslate_lapis_ore":10,"minecraft:azure_bluet":10,"minecraft:pointed_dripstone":6,"minecraft:potatoes":3,"minecraft:deepslate_iron_ore":12,"minecraft:dirt_path":2,"minecraft:lantern":6,"minecraft:stone":61,"minecraft:deepslate_redstone_ore":22,"minecraft:cherry_planks":42,"minecraft:crafting_table":6,"minecraft:torch":3,"minecraft:short_grass":108,"minecraft:poppy":12,"minecraft:glass":3,"minecraft:cobblestone":2,"minecraft:lapis_ore":3,"minecraft:deepslate_gold_ore":7,"minecraft:wall_torch":19,"minecraft:cherry_slab":8,"minecraft:pink_petals":120,"minecraft:chain":7,"minecraft:cherry_fence":2,"minecraft:wheat":3,"minecraft:bee_nest":1,"minecraft:yellow_bed":3,"minecraft:beetroots":2,"minecraft:cherry_leaves":228,"minecraft:dirt":38,"minecraft:cobweb":39,"minecraft:gold_ore":1,"minecraft:deepslate":45},"minecraft:custom":{"minecraft:interact_with_smithing_table":1,"minecraft:mob_kills":14,"minecraft:animals_bred":3,"minecraft:interact_with_crafting_table":39,"minecraft:open_barrel":1,"minecraft:bell_ring":3,"minecraft:leave_game":3,"minecraft:time_since_death":294253,"minecraft:climb_one_cm":19055,"minecraft:sprint_one_cm":74616,"minecraft:walk_one_cm":1724921,"minecraft:damage_blocked_by_shield":175,"minecraft:drop":11,"minecraft:talked_to_villager":2,"minecraft:play_time":294253,"minecraft:sneak_time":7359,"minecraft:walk_under_water_one_cm":7951,"minecraft:boat_one_cm":12994,"minecraft:jump":3045,"minecraft:walk_on_water_one_cm":19803,"minecraft:total_world_time":294253,"minecraft:interact_with_furnace":37,"minecraft:sleep_in_bed":7,"minecraft:time_since_rest":82349,"minecraft:damage_taken":1376,"minecraft:damage_dealt":2472,"minecraft:swim_one_cm":3671,"minecraft:fly_one_cm":70902,"minecraft:open_chest":46,"minecraft:crouch_one_cm":22633,"minecraft:fall_one_cm":41670,"minecraft:horse_one_cm":2914},"minecraft:used":{"minecraft:cherry_boat":2,"minecraft:cherry_sapling":30,"minecraft:stone_shovel":52,"minecraft:ladder":8,"minecraft:poppy":10,"minecraft:shield":6,"minecraft:iron_sword":128,"minecraft:torch":116,"minecraft:dirt":84,"minecraft:tuff":1,"minecraft:granite":8,"minecraft:glass":19,"minecraft:lantern":11,"minecraft:cherry_slab":26,"minecraft:oak_sapling":2,"minecraft:furnace":4,"minecraft:egg":26,"minecraft:cooked_beef":14,"minecraft:cobbled_deepslate":13,"minecraft:cherry_fence":37,"minecraft:cherry_log":133,"minecraft:water_bucket":8,"minecraft:stone_pickaxe":55,"minecraft:oak_planks":1,"minecraft:cherry_planks":238,"minecraft:glow_berries":8,"minecraft:crafting_table":7,"minecraft:cherry_door":4,"minecraft:bread":2,"minecraft:iron_pickaxe":214,"minecraft:stone_axe":395,"minecraft:pink_petals":290,"minecraft:pink_bed":3,"minecraft:cobblestone":61,"minecraft:chain":11,"minecraft:bucket":8,"minecraft:yellow_bed":4,"minecraft:bone_meal":41},"minecraft:dropped":{"minecraft:wheat_seeds":6,"minecraft:diamond":3,"minecraft:coal":1,"minecraft:pointed_dripstone":21,"minecraft:beetroot":1,"minecraft:rotten_flesh":1,"minecraft:beetroot_seeds":1,"minecraft:oak_sapling":1,"minecraft:stone_pickaxe":1},"minecraft:crafted":{"minecraft:cherry_planks":304,"minecraft:stone_shovel":1,"minecraft:leather_leggings":1,"minecraft:iron_nugget":54,"minecraft:cherry_slab":24,"minecraft:pink_bed":1,"minecraft:chain":4,"minecraft:cherry_boat":1,"minecraft:bone_meal":42,"minecraft:pink_dye":5,"minecraft:glass":28,"minecraft:lantern":4,"minecraft:ladder":9,"minecraft:cherry_fence":36,"minecraft:cooked_beef":8,"minecraft:crafting_table":1,"minecraft:bucket":1,"minecraft:stone_axe":2,"minecraft:air":0,"minecraft:pink_wool":1,"minecraft:stick":68,"minecraft:iron_ingot":16,"minecraft:leather_chestplate":1,"minecraft:cherry_door":6,"minecraft:torch":96},"minecraft:picked_up":{"minecraft:crafting_table":6,"minecraft:wheat":1,"minecraft:azure_bluet":3,"minecraft:lead":1,"minecraft:chain":7,"minecraft:shield":1,"minecraft:string":34,"minecraft:beetroot":2,"minecraft:cherry_boat":2,"minecraft:cobbled_deepslate":48,"minecraft:poppy":10,"minecraft:iron_pickaxe":1,"minecraft:egg":22,"minecraft:iron_boots":1,"minecraft:furnace":4,"minecraft:raw_iron":24,"minecraft:stick":7,"minecraft:composter":2,"minecraft:torch":26,"minecraft:cherry_log":206,"minecraft:pointed_dripstone":21,"minecraft:carrot":12,"minecraft:redstone":100,"minecraft:rotten_flesh":12,"minecraft:arrow":3,"minecraft:beetroot_seeds":4,"minecraft:cobblestone":65,"minecraft:oxeye_daisy":2,"minecraft:pink_petals":295,"minecraft:cooked_beef":6,"minecraft:cherry_planks":41,"minecraft:glow_ink_sac":3,"minecraft:potato":3,"minecraft:tuff":1,"minecraft:cherry_fence":2,"minecraft:yellow_bed":4,"minecraft:lapis_lazuli":82,"minecraft:dirt":102,"minecraft:lantern":7,"minecraft:bone":1,"minecraft:bow":1,"minecraft:wheat_seeds":25,"minecraft:raw_gold":8,"minecraft:iron_ingot":11,"minecraft:stone_pickaxe":2,"minecraft:oak_planks":1,"minecraft:iron_sword":1,"minecraft:pink_bed":2,"minecraft:white_bed":1,"minecraft:spider_eye":2,"minecraft:diamond":22,"minecraft:stone_axe":2,"minecraft:iron_helmet":1,"minecraft:granite":22,"minecraft:cherry_sapling":30,"minecraft:bread":2,"minecraft:oak_sapling":3,"minecraft:cherry_slab":8,"minecraft:coal":130},"minecraft:killed":{"minecraft:cave_spider":2,"minecraft:spider":2,"minecraft:skeleton":2,"minecraft:zombie_villager":1,"minecraft:zombie":6}},"DataVersion":3953}