{"stats":{"minecraft:broken":{"minecraft:iron_shovel":7,"minecraft:stone_hoe":3,"minecraft:iron_axe":1,"minecraft:stone_axe":1,"minecraft:iron_pickaxe":5},"minecraft:crafted":{"minecraft:cherry_planks":4,"minecraft:oak_planks":244,"minecraft:furnace":2,"minecraft:bone_meal":3,"minecraft:cooked_mutton":11,"minecraft:bow":1,"minecraft:iron_boots":2,"minecraft:iron_axe":2,"minecraft:stone_pickaxe":2,"minecraft:chest":5,"minecraft:stone_hoe":4,"minecraft:oak_fence":84,"minecraft:wheat":252,"minecraft:crafting_table":2,"minecraft:iron_helmet":2,"minecraft:baked_potato":6,"minecraft:wooden_pickaxe":1,"minecraft:iron_sword":2,"minecraft:bucket":1,"minecraft:birch_planks":60,"minecraft:stone_axe":2,"minecraft:bread":78,"minecraft:air":0,"minecraft:oak_fence_gate":2,"minecraft:iron_chestplate":1,"minecraft:diamond_pickaxe":1,"minecraft:shield":2,"minecraft:stick":180,"minecraft:iron_ingot":121,"minecraft:iron_pickaxe":5,"minecraft:iron_shovel":7,"minecraft:iron_leggings":1,"minecraft:gold_ingot":17,"minecraft:white_bed":1,"minecraft:torch":300},"minecraft:mined":{"minecraft:tuff":37,"minecraft:farmland":23,"minecraft:deepslate_diamond_ore":23,"minecraft:cherry_log":11,"minecraft:cherry_sapling":1,"minecraft:obsidian":20,"minecraft:granite":3,"minecraft:grass_block":1022,"minecraft:spawner":2,"minecraft:hay_block":29,"minecraft:magma_block":2,"minecraft:furnace":3,"minecraft:carrots":8,"minecraft:iron_ore":74,"minecraft:andesite":2,"minecraft:deepslate_lapis_ore":10,"minecraft:azure_bluet":10,"minecraft:gold_block":1,"minecraft:pointed_dripstone":15,"minecraft:potatoes":76,"minecraft:deepslate_iron_ore":100,"minecraft:dirt_path":1,"minecraft:stripped_oak_log":1,"minecraft:stone":864,"minecraft:cherry_planks":2,"minecraft:oak_fence":10,"minecraft:crafting_table":6,"minecraft:cornflower":3,"minecraft:torch":5,"minecraft:short_grass":169,"minecraft:blast_furnace":1,"minecraft:poppy":23,"minecraft:chest":3,"minecraft:tall_grass":15,"minecraft:cobblestone":17,"minecraft:lapis_ore":2,"minecraft:deepslate_gold_ore":18,"minecraft:sugar_cane":37,"minecraft:oak_planks":3,"minecraft:wall_torch":3,"minecraft:deepslate_copper_ore":8,"minecraft:pink_petals":1,"minecraft:birch_log":79,"minecraft:wheat":119,"minecraft:birch_leaves":4,"minecraft:yellow_bed":2,"minecraft:oak_log":184,"minecraft:coal_ore":181,"minecraft:beetroots":1,"minecraft:cherry_leaves":2,"minecraft:dripstone_block":1,"minecraft:gravel":2,"minecraft:sand":28,"minecraft:dirt":650,"minecraft:cobweb":19,"minecraft:netherrack":1,"minecraft:oak_leaves":18,"minecraft:deepslate":117},"minecraft:dropped":{"minecraft:bread":3,"minecraft:iron_sword":1,"minecraft:wheat_seeds":6,"minecraft:cooked_beef":6,"minecraft:diamond":12,"minecraft:iron_helmet":1,"minecraft:lead":1,"minecraft:granite":1,"minecraft:dirt":556,"minecraft:torch":20,"minecraft:iron_pickaxe":1,"minecraft:iron_shovel":1,"minecraft:pink_petals":1,"minecraft:stone_axe":1,"minecraft:pointed_dripstone":13,"minecraft:iron_boots":1,"minecraft:azure_bluet":1,"minecraft:shield":1,"minecraft:beetroot_seeds":2,"minecraft:oak_sapling":2,"minecraft:wooden_pickaxe":1,"minecraft:stone_pickaxe":2,"minecraft:egg":1},"minecraft:picked_up":{"minecraft:crafting_table":6,"minecraft:wheat":95,"minecraft:azure_bluet":18,"minecraft:lead":1,"minecraft:gold_block":1,"minecraft:cornflower":12,"minecraft:string":34,"minecraft:raw_copper":23,"minecraft:iron_shovel":1,"minecraft:cobbled_deepslate":125,"minecraft:beef":14,"minecraft:poppy":49,"minecraft:sugar_cane":48,"minecraft:chest":3,"minecraft:birch_sapling":4,"minecraft:furnace":3,"minecraft:egg":12,"minecraft:stick":14,"minecraft:raw_iron":175,"minecraft:oak_fence":10,"minecraft:torch":30,"minecraft:cherry_log":11,"minecraft:pointed_dripstone":28,"minecraft:carrot":8,"minecraft:arrow":27,"minecraft:rotten_flesh":12,"minecraft:beetroot_seeds":2,"minecraft:hay_block":28,"minecraft:obsidian":18,"minecraft:mutton":16,"minecraft:cobblestone":868,"minecraft:white_wool":10,"minecraft:stripped_oak_log":1,"minecraft:birch_log":79,"minecraft:pink_petals":2,"minecraft:magma_block":2,"minecraft:cooked_beef":6,"minecraft:cherry_planks":2,"minecraft:glow_ink_sac":1,"minecraft:andesite":1,"minecraft:leather":6,"minecraft:potato":281,"minecraft:tuff":36,"minecraft:oak_log":183,"minecraft:yellow_bed":1,"minecraft:gunpowder":1,"minecraft:lapis_lazuli":66,"minecraft:cherry_door":2,"minecraft:dirt":1839,"minecraft:bone":23,"minecraft:apple":4,"minecraft:bow":2,"minecraft:wheat_seeds":293,"minecraft:raw_gold":16,"minecraft:oak_planks":4,"minecraft:poisonous_potato":1,"minecraft:dripstone_block":4,"minecraft:gravel":2,"minecraft:sand":28,"minecraft:blast_furnace":1,"minecraft:spider_eye":4,"minecraft:diamond":27,"minecraft:granite":3,"minecraft:cherry_sapling":3,"minecraft:bread":1,"minecraft:oak_sapling":11,"minecraft:coal":182},"minecraft:killed":{"minecraft:cave_spider":2,"minecraft:spider":6,"minecraft:skeleton":22,"minecraft:wandering_trader":1,"minecraft:creeper":4,"minecraft:sheep":10,"minecraft:trader_llama":1,"minecraft:pillager":1,"minecraft:zombie":17,"minecraft:cow":8},"minecraft:custom":{"minecraft:interact_with_smithing_table":1,"minecraft:mob_kills":80,"minecraft:animals_bred":58,"minecraft:interact_with_crafting_table":51,"minecraft:open_barrel":1,"minecraft:leave_game":9,"minecraft:time_since_death":346408,"minecraft:climb_one_cm":2268,"minecraft:sprint_one_cm":613909,"minecraft:walk_one_cm":1566560,"minecraft:damage_blocked_by_shield":541,"minecraft:drop":40,"minecraft:talked_to_villager":1,"minecraft:play_time":346408,"minecraft:sneak_time":27962,"minecraft:walk_under_water_one_cm":3941,"minecraft:jump":6849,"minecraft:interact_with_blast_furnace":1,"minecraft:walk_on_water_one_cm":15072,"minecraft:total_world_time":346408,"minecraft:interact_with_furnace":58,"minecraft:sleep_in_bed":12,"minecraft:time_since_rest":74675,"minecraft:damage_taken":1834,"minecraft:damage_dealt":12898,"minecraft:swim_one_cm":29222,"minecraft:fly_one_cm":1008082,"minecraft:open_chest":110,"minecraft:crouch_one_cm":97832,"minecraft:fall_one_cm":172010,"minecraft:horse_one_cm":1950},"minecraft:used":{"minecraft:oak_fence":89,"minecraft:cherry_sapling":3,"minecraft:iron_shovel":1785,"minecraft:chest":8,"minecraft:shield":23,"minecraft:iron_sword":238,"minecraft:stone_hoe":408,"minecraft:torch":215,"minecraft:dirt":1001,"minecraft:carrot":4,"minecraft:tuff":8,"minecraft:granite":2,"minecraft:oak_fence_gate":2,"minecraft:iron_axe":266,"minecraft:magma_block":1,"minecraft:furnace":5,"minecraft:egg":7,"minecraft:potato":272,"minecraft:cobbled_deepslate":35,"minecraft:pointed_dripstone":4,"minecraft:wheat_seeds":285,"minecraft:cooked_mutton":11,"minecraft:water_bucket":40,"minecraft:stone_pickaxe":125,"minecraft:baked_potato":6,"minecraft:wooden_pickaxe":14,"minecraft:sugar_cane":39,"minecraft:white_wool":3,"minecraft:crafting_table":8,"minecraft:white_bed":1,"minecraft:oak_log":2,"minecraft:diamond_pickaxe":116,"minecraft:cherry_door":2,"minecraft:bread":59,"minecraft:iron_pickaxe":1252,"minecraft:stone_axe":104,"minecraft:pink_petals":1,"minecraft:cobblestone":100,"minecraft:andesite":1,"minecraft:bucket":41,"minecraft:yellow_bed":1,"minecraft:bone_meal":3}},"DataVersion":3953}