{"stats":{"minecraft:picked_up":{"minecraft:crafting_table":6,"minecraft:wheat":4,"minecraft:azure_bluet":13,"minecraft:gold_block":1,"minecraft:cornflower":2,"minecraft:string":33,"minecraft:cobbled_deepslate":35,"minecraft:beef":14,"minecraft:poppy":25,"minecraft:sugar_cane":18,"minecraft:chest":2,"minecraft:birch_sapling":4,"minecraft:furnace":3,"minecraft:egg":10,"minecraft:stick":14,"minecraft:raw_iron":113,"minecraft:oak_fence":10,"minecraft:torch":22,"minecraft:cherry_log":11,"minecraft:pointed_dripstone":22,"minecraft:carrot":8,"minecraft:arrow":23,"minecraft:rotten_flesh":4,"minecraft:beetroot_seeds":2,"minecraft:hay_block":28,"minecraft:obsidian":4,"minecraft:mutton":11,"minecraft:cobblestone":179,"minecraft:white_wool":7,"minecraft:stripped_oak_log":1,"minecraft:birch_log":79,"minecraft:pink_petals":2,"minecraft:cooked_beef":6,"minecraft:cherry_planks":2,"minecraft:andesite":1,"minecraft:leather":4,"minecraft:potato":10,"minecraft:tuff":8,"minecraft:oak_log":183,"minecraft:yellow_bed":1,"minecraft:gunpowder":1,"minecraft:lapis_lazuli":15,"minecraft:cherry_door":2,"minecraft:dirt":902,"minecraft:bone":19,"minecraft:apple":4,"minecraft:bow":1,"minecraft:wheat_seeds":36,"minecraft:oak_planks":4,"minecraft:dripstone_block":1,"minecraft:gravel":2,"minecraft:sand":28,"minecraft:blast_furnace":1,"minecraft:spider_eye":4,"minecraft:diamond":14,"minecraft:granite":3,"minecraft:cherry_sapling":3,"minecraft:bread":1,"minecraft:oak_sapling":11,"minecraft:coal":177},"minecraft:crafted":{"minecraft:cherry_planks":4,"minecraft:oak_planks":216,"minecraft:furnace":2,"minecraft:bone_meal":3,"minecraft:cooked_mutton":11,"minecraft:iron_boots":2,"minecraft:iron_axe":2,"minecraft:stone_pickaxe":2,"minecraft:chest":3,"minecraft:stone_hoe":1,"minecraft:oak_fence":84,"minecraft:wheat":108,"minecraft:crafting_table":1,"minecraft:iron_helmet":2,"minecraft:wooden_pickaxe":1,"minecraft:iron_sword":2,"minecraft:bucket":1,"minecraft:birch_planks":60,"minecraft:stone_axe":2,"minecraft:bread":33,"minecraft:air":0,"minecraft:oak_fence_gate":2,"minecraft:iron_chestplate":1,"minecraft:diamond_pickaxe":1,"minecraft:shield":2,"minecraft:stick":160,"minecraft:iron_ingot":121,"minecraft:iron_pickaxe":3,"minecraft:iron_shovel":4,"minecraft:iron_leggings":1,"minecraft:gold_ingot":17,"minecraft:white_bed":1,"minecraft:torch":300},"minecraft:custom":{"minecraft:interact_with_smithing_table":1,"minecraft:mob_kills":60,"minecraft:animals_bred":3,"minecraft:interact_with_crafting_table":38,"minecraft:open_barrel":1,"minecraft:leave_game":3,"minecraft:time_since_death":198416,"minecraft:sprint_one_cm":367684,"minecraft:walk_one_cm":707160,"minecraft:damage_blocked_by_shield":541,"minecraft:drop":28,"minecraft:play_time":198416,"minecraft:sneak_time":16834,"minecraft:walk_under_water_one_cm":671,"minecraft:jump":4408,"minecraft:interact_with_blast_furnace":1,"minecraft:walk_on_water_one_cm":9986,"minecraft:total_world_time":198416,"minecraft:interact_with_furnace":47,"minecraft:sleep_in_bed":10,"minecraft:time_since_rest":12650,"minecraft:damage_taken":1161,"minecraft:damage_dealt":9198,"minecraft:swim_one_cm":7841,"minecraft:fly_one_cm":635087,"minecraft:open_chest":58,"minecraft:crouch_one_cm":64046,"minecraft:fall_one_cm":113846},"minecraft:broken":{"minecraft:iron_shovel":3,"minecraft:iron_axe":1,"minecraft:stone_axe":1,"minecraft:iron_pickaxe":1},"minecraft:mined":{"minecraft:tuff":9,"minecraft:deepslate_diamond_ore":10,"minecraft:cherry_log":11,"minecraft:cherry_sapling":1,"minecraft:obsidian":4,"minecraft:granite":3,"minecraft:grass_block":489,"minecraft:spawner":2,"minecraft:hay_block":29,"minecraft:furnace":3,"minecraft:carrots":8,"minecraft:iron_ore":56,"minecraft:andesite":2,"minecraft:azure_bluet":9,"minecraft:gold_block":1,"minecraft:pointed_dripstone":13,"minecraft:potatoes":5,"minecraft:deepslate_iron_ore":56,"minecraft:stripped_oak_log":1,"minecraft:stone":187,"minecraft:cherry_planks":2,"minecraft:oak_fence":10,"minecraft:crafting_table":6,"minecraft:cornflower":1,"minecraft:torch":2,"minecraft:short_grass":137,"minecraft:blast_furnace":1,"minecraft:poppy":18,"minecraft:chest":2,"minecraft:tall_grass":11,"minecraft:cobblestone":4,"minecraft:lapis_ore":2,"minecraft:sugar_cane":9,"minecraft:oak_planks":3,"minecraft:pink_petals":1,"minecraft:birch_log":79,"minecraft:wheat":10,"minecraft:birch_leaves":4,"minecraft:yellow_bed":2,"minecraft:oak_log":184,"minecraft:coal_ore":176,"minecraft:beetroots":1,"minecraft:cherry_leaves":2,"minecraft:dripstone_block":1,"minecraft:gravel":2,"minecraft:sand":28,"minecraft:dirt":424,"minecraft:cobweb":19,"minecraft:netherrack":1,"minecraft:oak_leaves":18,"minecraft:deepslate":30},"minecraft:killed":{"minecraft:cave_spider":2,"minecraft:spider":5,"minecraft:skeleton":16,"minecraft:creeper":4,"minecraft:sheep":7,"minecraft:pillager":1,"minecraft:zombie":9,"minecraft:cow":8},"minecraft:used":{"minecraft:oak_fence":89,"minecraft:cherry_sapling":3,"minecraft:iron_shovel":940,"minecraft:chest":5,"minecraft:shield":23,"minecraft:iron_sword":158,"minecraft:stone_hoe":32,"minecraft:torch":136,"minecraft:dirt":399,"minecraft:carrot":4,"minecraft:tuff":8,"minecraft:granite":2,"minecraft:oak_fence_gate":2,"minecraft:iron_axe":265,"minecraft:furnace":5,"minecraft:egg":5,"minecraft:potato":10,"minecraft:cobbled_deepslate":35,"minecraft:pointed_dripstone":4,"minecraft:wheat_seeds":27,"minecraft:cooked_mutton":6,"minecraft:water_bucket":19,"minecraft:stone_pickaxe":125,"minecraft:wooden_pickaxe":14,"minecraft:sugar_cane":9,"minecraft:white_wool":3,"minecraft:crafting_table":7,"minecraft:white_bed":1,"minecraft:oak_log":2,"minecraft:diamond_pickaxe":4,"minecraft:cherry_door":2,"minecraft:bread":41,"minecraft:iron_pickaxe":422,"minecraft:stone_axe":104,"minecraft:pink_petals":1,"minecraft:cobblestone":33,"minecraft:andesite":1,"minecraft:bucket":19,"minecraft:yellow_bed":1,"minecraft:bone_meal":3},"minecraft:dropped":{"minecraft:bread":3,"minecraft:iron_sword":1,"minecraft:wheat_seeds":6,"minecraft:cooked_beef":6,"minecraft:diamond":12,"minecraft:iron_helmet":1,"minecraft:granite":1,"minecraft:torch":20,"minecraft:iron_pickaxe":1,"minecraft:pink_petals":1,"minecraft:stone_axe":1,"minecraft:pointed_dripstone":13,"minecraft:iron_boots":1,"minecraft:azure_bluet":1,"minecraft:shield":1,"minecraft:beetroot_seeds":2,"minecraft:oak_sapling":2,"minecraft:wooden_pickaxe":1,"minecraft:stone_pickaxe":2,"minecraft:egg":1}},"DataVersion":3953}