{"stats":{"minecraft:broken":{"minecraft:iron_shovel":7,"minecraft:stone_axe":1,"minecraft:iron_sword":1,"minecraft:stone_hoe":3,"minecraft:iron_axe":1,"minecraft:iron_pickaxe":5},"minecraft:mined":{"minecraft:farmland":23,"minecraft:cherry_log":11,"minecraft:obsidian":20,"minecraft:granite":3,"minecraft:grass_block":1025,"minecraft:crimson_fungus":1,"minecraft:spawner":2,"minecraft:magma_block":2,"minecraft:glowstone":7,"minecraft:iron_ore":76,"minecraft:fire":3,"minecraft:deepslate_lapis_ore":10,"minecraft:anvil":1,"minecraft:azure_bluet":10,"minecraft:pointed_dripstone":15,"minecraft:dirt_path":1,"minecraft:crimson_nylium":2,"minecraft:torch":6,"minecraft:blast_furnace":1,"minecraft:poppy":23,"minecraft:chest":3,"minecraft:cobblestone":17,"minecraft:sugar_cane":65,"minecraft:oak_planks":3,"minecraft:wall_torch":3,"minecraft:deepslate_copper_ore":8,"minecraft:pink_petals":1,"minecraft:warped_nylium":24,"minecraft:birch_log":79,"minecraft:wheat":119,"minecraft:warped_fungus":1,"minecraft:oak_log":184,"minecraft:beetroots":1,"minecraft:sand":28,"minecraft:dirt":659,"minecraft:netherrack":711,"minecraft:ancient_debris":1,"minecraft:oak_leaves":18,"minecraft:deepslate":138,"minecraft:nether_gold_ore":2,"minecraft:tuff":43,"minecraft:deepslate_diamond_ore":33,"minecraft:cherry_sapling":1,"minecraft:crimson_roots":2,"minecraft:red_mushroom":1,"minecraft:crimson_stem":5,"minecraft:hay_block":29,"minecraft:furnace":3,"minecraft:carrots":8,"minecraft:nether_sprouts":1,"minecraft:andesite":2,"minecraft:gold_block":1,"minecraft:potatoes":266,"minecraft:deepslate_iron_ore":124,"minecraft:shroomlight":1,"minecraft:warped_stem":7,"minecraft:stripped_oak_log":1,"minecraft:stone":909,"minecraft:cherry_planks":2,"minecraft:oak_fence":10,"minecraft:crafting_table":6,"minecraft:cornflower":3,"minecraft:short_grass":187,"minecraft:warped_roots":13,"minecraft:tall_grass":21,"minecraft:copper_ore":9,"minecraft:lapis_ore":2,"minecraft:deepslate_gold_ore":40,"minecraft:warped_wart_block":12,"minecraft:birch_leaves":4,"minecraft:yellow_bed":2,"minecraft:coal_ore":219,"minecraft:cherry_leaves":7,"minecraft:gravel":4,"minecraft:dripstone_block":1,"minecraft:cobweb":19,"minecraft:gold_ore":5},"minecraft:custom":{"minecraft:animals_bred":58,"minecraft:interact_with_crafting_table":68,"minecraft:open_barrel":1,"minecraft:leave_game":12,"minecraft:time_since_death":483517,"minecraft:sprint_one_cm":893729,"minecraft:damage_blocked_by_shield":571,"minecraft:drop":163,"minecraft:talked_to_villager":1,"minecraft:play_time":483517,"minecraft:jump":9687,"minecraft:walk_on_water_one_cm":17839,"minecraft:interact_with_furnace":154,"minecraft:sleep_in_bed":15,"minecraft:damage_dealt":24547,"minecraft:crouch_one_cm":148229,"minecraft:horse_one_cm":283978,"minecraft:interact_with_smithing_table":1,"minecraft:mob_kills":128,"minecraft:interact_with_anvil":2,"minecraft:climb_one_cm":6464,"minecraft:walk_one_cm":2009577,"minecraft:sneak_time":41763,"minecraft:walk_under_water_one_cm":4260,"minecraft:boat_one_cm":129,"minecraft:interact_with_blast_furnace":20,"minecraft:total_world_time":483517,"minecraft:interact_with_stonecutter":3,"minecraft:time_since_rest":11181,"minecraft:damage_taken":4314,"minecraft:swim_one_cm":31398,"minecraft:fly_one_cm":1463072,"minecraft:open_chest":299,"minecraft:fall_one_cm":247973},"minecraft:used":{"minecraft:cherry_sapling":3,"minecraft:iron_shovel":1785,"minecraft:chest":9,"minecraft:shield":24,"minecraft:iron_sword":439,"minecraft:carrot":4,"minecraft:tuff":8,"minecraft:obsidian":14,"minecraft:warped_nylium":4,"minecraft:magma_block":1,"minecraft:bow":8,"minecraft:furnace":5,"minecraft:egg":12,"minecraft:potato":466,"minecraft:stone_pickaxe":125,"minecraft:wooden_pickaxe":14,"minecraft:sugar_cane":95,"minecraft:white_wool":3,"minecraft:blast_furnace":1,"minecraft:bread":88,"minecraft:gravel":2,"minecraft:andesite":1,"minecraft:bone_meal":3,"minecraft:cherry_boat":20,"minecraft:oak_fence":89,"minecraft:enchanting_table":1,"minecraft:flint_and_steel":1,"minecraft:stone_hoe":411,"minecraft:netherrack":108,"minecraft:torch":227,"minecraft:dirt":1001,"minecraft:anvil":2,"minecraft:granite":2,"minecraft:oak_fence_gate":2,"minecraft:iron_hoe":18,"minecraft:iron_axe":296,"minecraft:cobbled_deepslate":35,"minecraft:pointed_dripstone":4,"minecraft:wheat_seeds":285,"minecraft:cooked_mutton":11,"minecraft:water_bucket":41,"minecraft:baked_potato":46,"minecraft:stonecutter":1,"minecraft:warped_roots":4,"minecraft:crafting_table":8,"minecraft:white_bed":1,"minecraft:oak_log":2,"minecraft:diamond_pickaxe":1042,"minecraft:cherry_door":2,"minecraft:iron_pickaxe":1252,"minecraft:stone_axe":104,"minecraft:pink_petals":1,"minecraft:cobblestone":196,"minecraft:potion":1,"minecraft:bucket":42,"minecraft:yellow_bed":1,"minecraft:splash_potion":1},"minecraft:crafted":{"minecraft:oak_planks":248,"minecraft:cooked_chicken":1,"minecraft:stone":3,"minecraft:cooked_mutton":16,"minecraft:bow":1,"minecraft:iron_boots":3,"minecraft:chest":6,"minecraft:stone_hoe":4,"minecraft:oak_fence":84,"minecraft:crafting_table":2,"minecraft:wooden_pickaxe":1,"minecraft:baked_potato":449,"minecraft:iron_helmet":3,"minecraft:birch_planks":60,"minecraft:book":3,"minecraft:iron_chestplate":2,"minecraft:paper":9,"minecraft:diamond_pickaxe":1,"minecraft:shield":2,"minecraft:stick":184,"minecraft:iron_ingot":198,"minecraft:iron_pickaxe":6,"minecraft:iron_block":3,"minecraft:gold_ingot":61,"minecraft:cherry_planks":4,"minecraft:furnace":2,"minecraft:bone_meal":3,"minecraft:flint_and_steel":1,"minecraft:iron_axe":2,"minecraft:iron_hoe":1,"minecraft:stone_pickaxe":2,"minecraft:netherite_scrap":1,"minecraft:wheat":252,"minecraft:crimson_planks":20,"minecraft:enchanting_table":1,"minecraft:iron_sword":4,"minecraft:bucket":1,"minecraft:stone_axe":2,"minecraft:glowstone":5,"minecraft:bread":78,"minecraft:air":0,"minecraft:oak_fence_gate":2,"minecraft:iron_shovel":7,"minecraft:iron_leggings":2,"minecraft:stonecutter":1,"minecraft:anvil":1,"minecraft:white_bed":2,"minecraft:torch":300},"minecraft:dropped":{"minecraft:iron_sword":3,"minecraft:warped_stem":6,"minecraft:porkchop":3,"minecraft:cooked_beef":6,"minecraft:baked_potato":189,"minecraft:glass_bottle":1,"minecraft:diamond":12,"minecraft:warped_roots":1,"minecraft:dirt":556,"minecraft:crimson_roots":3,"minecraft:gold_nugget":7,"minecraft:iron_pickaxe":2,"minecraft:gold_ingot":62,"minecraft:gravel":164,"minecraft:stone_axe":1,"minecraft:blackstone":32,"minecraft:ancient_debris":1,"minecraft:nether_brick":12,"minecraft:pointed_dripstone":13,"minecraft:glowstone_dust":48,"minecraft:azure_bluet":1,"minecraft:white_bed":2,"minecraft:warped_planks":32,"minecraft:leather_chestplate":1,"minecraft:deepslate_tiles":238,"minecraft:beetroot_seeds":2,"minecraft:glowstone":5,"minecraft:leather_leggings":1,"minecraft:warped_wart_block":21,"minecraft:crying_obsidian":13,"minecraft:quartz":19,"minecraft:netherrack":73,"minecraft:egg":1,"minecraft:crimson_planks":40,"minecraft:bread":3,"minecraft:wheat_seeds":6,"minecraft:iron_helmet":3,"minecraft:lead":1,"minecraft:granite":1,"minecraft:torch":20,"minecraft:potion":1,"minecraft:iron_leggings":2,"minecraft:iron_axe":2,"minecraft:iron_shovel":1,"minecraft:pink_petals":1,"minecraft:warped_nylium":10,"minecraft:iron_boots":3,"minecraft:name_tag":1,"minecraft:warped_door":1,"minecraft:diamond_sword":1,"minecraft:shroomlight":1,"minecraft:shield":2,"minecraft:iron_chestplate":2,"minecraft:oak_sapling":2,"minecraft:bow":1,"minecraft:stone_pickaxe":3,"minecraft:wooden_pickaxe":1},"minecraft:picked_up":{"minecraft:iron_chestplate":1,"minecraft:wheat":95,"minecraft:anvil":1,"minecraft:diamond_sword":1,"minecraft:lead":1,"minecraft:potion":3,"minecraft:enchanted_book":1,"minecraft:nether_brick":12,"minecraft:crimson_planks":40,"minecraft:string":57,"minecraft:raw_copper":54,"minecraft:iron_leggings":1,"minecraft:shroomlight":1,"minecraft:cherry_boat":20,"minecraft:deepslate_tiles":126,"minecraft:gold_nugget":14,"minecraft:cobbled_deepslate":143,"minecraft:warped_slab":4,"minecraft:iron_boots":1,"minecraft:furnace":3,"minecraft:stick":19,"minecraft:oak_fence":10,"minecraft:torch":31,"minecraft:porkchop":7,"minecraft:cherry_log":11,"minecraft:pointed_dripstone":28,"minecraft:warped_planks":64,"minecraft:warped_door":1,"minecraft:rotten_flesh":16,"minecraft:obsidian":23,"minecraft:cobblestone":912,"minecraft:birch_log":79,"minecraft:pink_petals":2,"minecraft:magma_block":2,"minecraft:leather_chestplate":1,"minecraft:cooked_beef":6,"minecraft:cherry_planks":2,"minecraft:andesite":1,"minecraft:potato":979,"minecraft:flint":1,"minecraft:tuff":42,"minecraft:dirt":1860,"minecraft:lapis_lazuli":66,"minecraft:cherry_door":2,"minecraft:name_tag":1,"minecraft:bone":28,"minecraft:bow":3,"minecraft:wheat_seeds":294,"minecraft:raw_gold":44,"minecraft:glowstone_dust":68,"minecraft:oak_planks":4,"minecraft:ghast_tear":1,"minecraft:warped_wart_block":29,"minecraft:poisonous_potato":8,"minecraft:sand":28,"minecraft:spectral_arrow":77,"minecraft:diamond":37,"minecraft:granite":3,"minecraft:bread":1,"minecraft:oak_sapling":11,"minecraft:netherrack":350,"minecraft:crimson_roots":3,"minecraft:crafting_table":6,"minecraft:azure_bluet":18,"minecraft:splash_potion":1,"minecraft:leather_leggings":1,"minecraft:gold_block":1,"minecraft:shield":1,"minecraft:cornflower":12,"minecraft:iron_axe":2,"minecraft:iron_shovel":1,"minecraft:blackstone":64,"minecraft:beef":14,"minecraft:poppy":49,"minecraft:sugar_cane":104,"minecraft:chest":3,"minecraft:birch_sapling":4,"minecraft:egg":17,"minecraft:raw_iron":201,"minecraft:fire_charge":5,"minecraft:carrot":8,"minecraft:arrow":31,"minecraft:stone_shovel":1,"minecraft:beetroot_seeds":2,"minecraft:hay_block":28,"minecraft:saddle":1,"minecraft:gold_ingot":1,"minecraft:mutton":16,"minecraft:white_wool":10,"minecraft:stripped_oak_log":1,"minecraft:crimson_stem":5,"minecraft:glow_ink_sac":1,"minecraft:leather":20,"minecraft:red_mushroom":1,"minecraft:crimson_fungus":1,"minecraft:oak_log":183,"minecraft:ancient_debris":2,"minecraft:yellow_bed":1,"minecraft:gunpowder":2,"minecraft:apple":4,"minecraft:warped_stem":6,"minecraft:stone_pickaxe":1,"minecraft:iron_sword":1,"minecraft:soul_sand":33,"minecraft:warped_fungus":7,"minecraft:quartz":65,"minecraft:dripstone_block":4,"minecraft:gravel":161,"minecraft:blast_furnace":1,"minecraft:white_bed":1,"minecraft:crying_obsidian":13,"minecraft:spider_eye":6,"minecraft:iron_helmet":1,"minecraft:cherry_sapling":3,"minecraft:warped_roots":51,"minecraft:baked_potato":61,"minecraft:warped_nylium":21,"minecraft:coal":220,"minecraft:ender_pearl":19},"minecraft:killed":{"minecraft:cave_spider":2,"minecraft:spider":9,"minecraft:skeleton":25,"minecraft:piglin":6,"minecraft:pig":1,"minecraft:creeper":5,"minecraft:sheep":11,"minecraft:trader_llama":1,"minecraft:pillager":1,"minecraft:zombie":22,"minecraft:ghast":3,"minecraft:cow":8,"minecraft:wandering_trader":1,"minecraft:hoglin":1,"minecraft:enderman":22}},"DataVersion":3953}