{"stats":{"minecraft:used":{"minecraft:stone_pickaxe":125,"minecraft:shield":1,"minecraft:wooden_pickaxe":14,"minecraft:iron_sword":4,"minecraft:torch":40,"minecraft:dirt":13,"minecraft:crafting_table":3,"minecraft:white_bed":1,"minecraft:bread":9,"minecraft:iron_pickaxe":5,"minecraft:pink_petals":1,"minecraft:stone_axe":52,"minecraft:cobblestone":14,"minecraft:furnace":2,"minecraft:yellow_bed":1,"minecraft:pointed_dripstone":4},"minecraft:mined":{"minecraft:crafting_table":3,"minecraft:granite":1,"minecraft:short_grass":34,"minecraft:grass_block":6,"minecraft:chest":1,"minecraft:tall_grass":4,"minecraft:sugar_cane":2,"minecraft:pink_petals":1,"minecraft:hay_block":11,"minecraft:furnace":2,"minecraft:carrots":4,"minecraft:iron_ore":34,"minecraft:wheat":6,"minecraft:birch_leaves":1,"minecraft:yellow_bed":2,"minecraft:pointed_dripstone":9,"minecraft:oak_log":11,"minecraft:potatoes":3,"minecraft:coal_ore":54,"minecraft:beetroots":1,"minecraft:deepslate_iron_ore":9,"minecraft:dirt":7,"minecraft:stone":32,"minecraft:deepslate":1,"minecraft:oak_leaves":1},"minecraft:crafted":{"minecraft:oak_planks":44,"minecraft:crafting_table":1,"minecraft:wooden_pickaxe":1,"minecraft:iron_helmet":2,"minecraft:iron_sword":2,"minecraft:furnace":1,"minecraft:stone_axe":2,"minecraft:bread":33,"minecraft:air":0,"minecraft:iron_boots":2,"minecraft:iron_chestplate":1,"minecraft:shield":2,"minecraft:stick":28,"minecraft:iron_ingot":55,"minecraft:iron_pickaxe":2,"minecraft:stone_pickaxe":2,"minecraft:iron_leggings":1,"minecraft:white_bed":1,"minecraft:torch":40,"minecraft:wheat":99},"minecraft:dropped":{"minecraft:bread":3,"minecraft:iron_sword":1,"minecraft:stone_axe":1,"minecraft:cooked_beef":6,"minecraft:pointed_dripstone":13,"minecraft:iron_helmet":1,"minecraft:iron_boots":1,"minecraft:granite":1,"minecraft:shield":1,"minecraft:beetroot_seeds":2,"minecraft:oak_sapling":2,"minecraft:wooden_pickaxe":1,"minecraft:stone_pickaxe":2,"minecraft:iron_pickaxe":1,"minecraft:pink_petals":1,"minecraft:egg":1},"minecraft:picked_up":{"minecraft:pink_petals":2,"minecraft:crafting_table":3,"minecraft:cooked_beef":6,"minecraft:leather":4,"minecraft:potato":3,"minecraft:oak_log":11,"minecraft:yellow_bed":1,"minecraft:gunpowder":1,"minecraft:dirt":13,"minecraft:string":3,"minecraft:bone":2,"minecraft:wheat_seeds":6,"minecraft:cobbled_deepslate":1,"minecraft:beef":14,"minecraft:sugar_cane":5,"minecraft:chest":1,"minecraft:egg":1,"minecraft:furnace":2,"minecraft:raw_iron":43,"minecraft:pointed_dripstone":20,"minecraft:carrot":4,"minecraft:arrow":5,"minecraft:beetroot_seeds":2,"minecraft:hay_block":11,"minecraft:granite":1,"minecraft:bread":1,"minecraft:oak_sapling":2,"minecraft:mutton":9,"minecraft:coal":56,"minecraft:white_wool":6,"minecraft:cobblestone":38},"minecraft:custom":{"minecraft:interact_with_smithing_table":1,"minecraft:interact_with_furnace":20,"minecraft:mob_kills":24,"minecraft:interact_with_crafting_table":17,"minecraft:time_since_death":40327,"minecraft:sleep_in_bed":3,"minecraft:time_since_rest":17654,"minecraft:sprint_one_cm":48231,"minecraft:damage_taken":275,"minecraft:walk_one_cm":198084,"minecraft:damage_blocked_by_shield":91,"minecraft:drop":20,"minecraft:damage_dealt":3065,"minecraft:swim_one_cm":5378,"minecraft:fly_one_cm":97321,"minecraft:open_chest":2,"minecraft:play_time":40327,"minecraft:crouch_one_cm":6236,"minecraft:sneak_time":2125,"minecraft:walk_under_water_one_cm":178,"minecraft:jump":1001,"minecraft:walk_on_water_one_cm":978,"minecraft:total_world_time":40327,"minecraft:fall_one_cm":22872},"minecraft:killed":{"minecraft:spider":2,"minecraft:creeper":1,"minecraft:sheep":6,"minecraft:skeleton":4,"minecraft:zombie":3,"minecraft:cow":8}},"DataVersion":3953}