{"stats":{"minecraft:picked_up":{"minecraft:crafting_table":6,"minecraft:wheat":95,"minecraft:azure_bluet":18,"minecraft:anvil":1,"minecraft:lead":1,"minecraft:gold_block":1,"minecraft:cornflower":12,"minecraft:string":35,"minecraft:raw_copper":54,"minecraft:iron_shovel":1,"minecraft:cobbled_deepslate":143,"minecraft:beef":14,"minecraft:poppy":49,"minecraft:sugar_cane":104,"minecraft:chest":3,"minecraft:birch_sapling":4,"minecraft:furnace":3,"minecraft:egg":14,"minecraft:stick":14,"minecraft:raw_iron":201,"minecraft:oak_fence":10,"minecraft:torch":31,"minecraft:cherry_log":11,"minecraft:pointed_dripstone":28,"minecraft:carrot":8,"minecraft:arrow":29,"minecraft:rotten_flesh":15,"minecraft:beetroot_seeds":2,"minecraft:hay_block":28,"minecraft:obsidian":18,"minecraft:mutton":16,"minecraft:white_wool":10,"minecraft:cobblestone":912,"minecraft:stripped_oak_log":1,"minecraft:birch_log":79,"minecraft:pink_petals":2,"minecraft:magma_block":2,"minecraft:cooked_beef":6,"minecraft:cherry_planks":2,"minecraft:glow_ink_sac":1,"minecraft:andesite":1,"minecraft:leather":6,"minecraft:potato":979,"minecraft:flint":1,"minecraft:tuff":42,"minecraft:oak_log":183,"minecraft:yellow_bed":1,"minecraft:gunpowder":1,"minecraft:lapis_lazuli":66,"minecraft:cherry_door":2,"minecraft:dirt":1850,"minecraft:bone":26,"minecraft:apple":4,"minecraft:bow":2,"minecraft:wheat_seeds":294,"minecraft:raw_gold":44,"minecraft:oak_planks":4,"minecraft:warped_wart_block":4,"minecraft:poisonous_potato":8,"minecraft:dripstone_block":4,"minecraft:gravel":3,"minecraft:sand":28,"minecraft:blast_furnace":1,"minecraft:white_bed":1,"minecraft:spider_eye":6,"minecraft:diamond":37,"minecraft:granite":3,"minecraft:cherry_sapling":3,"minecraft:bread":1,"minecraft:baked_potato":6,"minecraft:oak_sapling":11,"minecraft:netherrack":26,"minecraft:coal":220},"minecraft:crafted":{"minecraft:cherry_planks":4,"minecraft:oak_planks":248,"minecraft:cooked_chicken":1,"minecraft:furnace":2,"minecraft:bone_meal":3,"minecraft:cooked_mutton":16,"minecraft:flint_and_steel":1,"minecraft:bow":1,"minecraft:iron_boots":3,"minecraft:iron_axe":2,"minecraft:iron_hoe":1,"minecraft:stone_pickaxe":2,"minecraft:chest":5,"minecraft:stone_hoe":4,"minecraft:oak_fence":84,"minecraft:wheat":252,"minecraft:crafting_table":2,"minecraft:enchanting_table":1,"minecraft:iron_helmet":3,"minecraft:wooden_pickaxe":1,"minecraft:baked_potato":311,"minecraft:iron_sword":4,"minecraft:bucket":1,"minecraft:birch_planks":60,"minecraft:stone_axe":2,"minecraft:bread":78,"minecraft:air":0,"minecraft:oak_fence_gate":2,"minecraft:iron_chestplate":2,"minecraft:book":3,"minecraft:paper":9,"minecraft:diamond_pickaxe":1,"minecraft:shield":2,"minecraft:stick":184,"minecraft:iron_ingot":198,"minecraft:iron_pickaxe":6,"minecraft:iron_block":3,"minecraft:iron_shovel":7,"minecraft:iron_leggings":2,"minecraft:gold_ingot":61,"minecraft:anvil":1,"minecraft:white_bed":2,"minecraft:torch":300},"minecraft:custom":{"minecraft:interact_with_smithing_table":1,"minecraft:interact_with_anvil":1,"minecraft:mob_kills":92,"minecraft:animals_bred":58,"minecraft:interact_with_crafting_table":63,"minecraft:open_barrel":1,"minecraft:leave_game":11,"minecraft:time_since_death":414582,"minecraft:climb_one_cm":4683,"minecraft:sprint_one_cm":749569,"minecraft:walk_one_cm":1831546,"minecraft:damage_blocked_by_shield":541,"minecraft:drop":55,"minecraft:talked_to_villager":1,"minecraft:play_time":414582,"minecraft:sneak_time":32960,"minecraft:walk_under_water_one_cm":4260,"minecraft:jump":8393,"minecraft:interact_with_blast_furnace":14,"minecraft:walk_on_water_one_cm":17839,"minecraft:total_world_time":414582,"minecraft:interact_with_furnace":138,"minecraft:sleep_in_bed":13,"minecraft:time_since_rest":14442,"minecraft:damage_taken":2221,"minecraft:damage_dealt":15087,"minecraft:swim_one_cm":31398,"minecraft:fly_one_cm":1234336,"minecraft:open_chest":250,"minecraft:crouch_one_cm":113375,"minecraft:fall_one_cm":214403,"minecraft:horse_one_cm":1950},"minecraft:broken":{"minecraft:iron_shovel":7,"minecraft:stone_hoe":3,"minecraft:iron_axe":1,"minecraft:stone_axe":1,"minecraft:iron_sword":1,"minecraft:iron_pickaxe":5},"minecraft:mined":{"minecraft:tuff":43,"minecraft:farmland":23,"minecraft:deepslate_diamond_ore":33,"minecraft:cherry_log":11,"minecraft:cherry_sapling":1,"minecraft:obsidian":20,"minecraft:granite":3,"minecraft:grass_block":1025,"minecraft:spawner":2,"minecraft:hay_block":29,"minecraft:magma_block":2,"minecraft:furnace":3,"minecraft:carrots":8,"minecraft:iron_ore":76,"minecraft:andesite":2,"minecraft:anvil":1,"minecraft:deepslate_lapis_ore":10,"minecraft:azure_bluet":10,"minecraft:gold_block":1,"minecraft:potatoes":266,"minecraft:pointed_dripstone":15,"minecraft:deepslate_iron_ore":124,"minecraft:dirt_path":1,"minecraft:stripped_oak_log":1,"minecraft:stone":909,"minecraft:cherry_planks":2,"minecraft:oak_fence":10,"minecraft:cornflower":3,"minecraft:crafting_table":6,"minecraft:torch":6,"minecraft:short_grass":182,"minecraft:blast_furnace":1,"minecraft:poppy":23,"minecraft:chest":3,"minecraft:copper_ore":9,"minecraft:tall_grass":16,"minecraft:cobblestone":17,"minecraft:deepslate_gold_ore":40,"minecraft:lapis_ore":2,"minecraft:oak_planks":3,"minecraft:sugar_cane":65,"minecraft:wall_torch":3,"minecraft:warped_wart_block":4,"minecraft:deepslate_copper_ore":8,"minecraft:pink_petals":1,"minecraft:warped_nylium":3,"minecraft:birch_log":79,"minecraft:wheat":119,"minecraft:birch_leaves":4,"minecraft:yellow_bed":2,"minecraft:oak_log":184,"minecraft:coal_ore":219,"minecraft:beetroots":1,"minecraft:gravel":4,"minecraft:cherry_leaves":7,"minecraft:dripstone_block":1,"minecraft:sand":28,"minecraft:dirt":659,"minecraft:cobweb":19,"minecraft:netherrack":24,"minecraft:gold_ore":5,"minecraft:oak_leaves":18,"minecraft:deepslate":138},"minecraft:killed":{"minecraft:cave_spider":2,"minecraft:spider":9,"minecraft:skeleton":25,"minecraft:piglin":2,"minecraft:wandering_trader":1,"minecraft:creeper":4,"minecraft:sheep":10,"minecraft:trader_llama":1,"minecraft:pillager":1,"minecraft:zombie":21,"minecraft:cow":8},"minecraft:used":{"minecraft:oak_fence":89,"minecraft:cherry_sapling":3,"minecraft:enchanting_table":1,"minecraft:iron_shovel":1785,"minecraft:flint_and_steel":1,"minecraft:chest":8,"minecraft:shield":23,"minecraft:iron_sword":272,"minecraft:stone_hoe":411,"minecraft:netherrack":26,"minecraft:torch":226,"minecraft:dirt":1001,"minecraft:anvil":2,"minecraft:carrot":4,"minecraft:tuff":8,"minecraft:granite":2,"minecraft:oak_fence_gate":2,"minecraft:obsidian":14,"minecraft:iron_axe":284,"minecraft:magma_block":1,"minecraft:furnace":5,"minecraft:egg":9,"minecraft:potato":466,"minecraft:cobbled_deepslate":35,"minecraft:pointed_dripstone":4,"minecraft:wheat_seeds":285,"minecraft:cooked_mutton":11,"minecraft:water_bucket":41,"minecraft:stone_pickaxe":125,"minecraft:baked_potato":6,"minecraft:wooden_pickaxe":14,"minecraft:sugar_cane":95,"minecraft:white_wool":3,"minecraft:crafting_table":8,"minecraft:blast_furnace":1,"minecraft:white_bed":1,"minecraft:oak_log":2,"minecraft:diamond_pickaxe":325,"minecraft:cherry_door":2,"minecraft:iron_pickaxe":1252,"minecraft:bread":80,"minecraft:gravel":2,"minecraft:stone_axe":104,"minecraft:pink_petals":1,"minecraft:cobblestone":196,"minecraft:andesite":1,"minecraft:bucket":42,"minecraft:yellow_bed":1,"minecraft:bone_meal":3},"minecraft:dropped":{"minecraft:bread":3,"minecraft:iron_sword":2,"minecraft:wheat_seeds":6,"minecraft:cooked_beef":6,"minecraft:baked_potato":131,"minecraft:diamond":12,"minecraft:iron_helmet":2,"minecraft:lead":1,"minecraft:granite":1,"minecraft:dirt":556,"minecraft:torch":20,"minecraft:iron_leggings":1,"minecraft:iron_pickaxe":2,"minecraft:iron_shovel":1,"minecraft:pink_petals":1,"minecraft:stone_axe":1,"minecraft:pointed_dripstone":13,"minecraft:iron_boots":2,"minecraft:azure_bluet":1,"minecraft:white_bed":2,"minecraft:shield":1,"minecraft:iron_chestplate":1,"minecraft:beetroot_seeds":2,"minecraft:oak_sapling":2,"minecraft:wooden_pickaxe":1,"minecraft:stone_pickaxe":2,"minecraft:egg":1}},"DataVersion":3953}