{"stats":{"minecraft:used":{"minecraft:water_bucket":14,"minecraft:stone_pickaxe":125,"minecraft:shield":22,"minecraft:wooden_pickaxe":14,"minecraft:iron_sword":111,"minecraft:white_wool":3,"minecraft:torch":96,"minecraft:dirt":13,"minecraft:crafting_table":6,"minecraft:white_bed":1,"minecraft:tuff":8,"minecraft:granite":2,"minecraft:diamond_pickaxe":4,"minecraft:bread":22,"minecraft:iron_pickaxe":200,"minecraft:pink_petals":1,"minecraft:stone_axe":58,"minecraft:cobblestone":24,"minecraft:furnace":2,"minecraft:bucket":15,"minecraft:yellow_bed":1,"minecraft:cobbled_deepslate":35,"minecraft:pointed_dripstone":4},"minecraft:crafted":{"minecraft:oak_planks":44,"minecraft:crafting_table":1,"minecraft:wooden_pickaxe":1,"minecraft:iron_helmet":2,"minecraft:iron_sword":2,"minecraft:furnace":1,"minecraft:bucket":1,"minecraft:stone_axe":2,"minecraft:bread":33,"minecraft:air":0,"minecraft:diamond_pickaxe":1,"minecraft:iron_boots":2,"minecraft:iron_chestplate":1,"minecraft:shield":2,"minecraft:stick":40,"minecraft:iron_ingot":55,"minecraft:iron_pickaxe":2,"minecraft:stone_pickaxe":2,"minecraft:iron_leggings":1,"minecraft:white_bed":1,"minecraft:torch":88,"minecraft:wheat":99},"minecraft:mined":{"minecraft:tuff":9,"minecraft:deepslate_diamond_ore":10,"minecraft:obsidian":4,"minecraft:crafting_table":6,"minecraft:torch":2,"minecraft:granite":3,"minecraft:short_grass":34,"minecraft:grass_block":6,"minecraft:chest":1,"minecraft:tall_grass":4,"minecraft:cobblestone":1,"minecraft:lapis_ore":2,"minecraft:oak_planks":3,"minecraft:sugar_cane":2,"minecraft:spawner":2,"minecraft:pink_petals":1,"minecraft:hay_block":11,"minecraft:furnace":2,"minecraft:carrots":4,"minecraft:iron_ore":54,"minecraft:wheat":6,"minecraft:andesite":2,"minecraft:birch_leaves":1,"minecraft:yellow_bed":2,"minecraft:pointed_dripstone":13,"minecraft:oak_log":11,"minecraft:potatoes":3,"minecraft:coal_ore":99,"minecraft:beetroots":1,"minecraft:deepslate_iron_ore":56,"minecraft:dripstone_block":1,"minecraft:dirt":7,"minecraft:cobweb":19,"minecraft:stone":53,"minecraft:deepslate":30,"minecraft:oak_leaves":1},"minecraft:dropped":{"minecraft:bread":3,"minecraft:iron_sword":1,"minecraft:stone_axe":1,"minecraft:wheat_seeds":6,"minecraft:cooked_beef":6,"minecraft:diamond":12,"minecraft:pointed_dripstone":13,"minecraft:iron_helmet":1,"minecraft:iron_boots":1,"minecraft:granite":1,"minecraft:shield":1,"minecraft:torch":20,"minecraft:beetroot_seeds":2,"minecraft:oak_sapling":2,"minecraft:wooden_pickaxe":1,"minecraft:stone_pickaxe":2,"minecraft:iron_pickaxe":1,"minecraft:pink_petals":1,"minecraft:egg":1},"minecraft:picked_up":{"minecraft:pink_petals":2,"minecraft:crafting_table":6,"minecraft:cooked_beef":6,"minecraft:andesite":1,"minecraft:leather":4,"minecraft:potato":3,"minecraft:tuff":8,"minecraft:oak_log":11,"minecraft:yellow_bed":1,"minecraft:gunpowder":1,"minecraft:lapis_lazuli":15,"minecraft:dirt":13,"minecraft:string":31,"minecraft:bone":14,"minecraft:wheat_seeds":6,"minecraft:cobbled_deepslate":35,"minecraft:beef":14,"minecraft:sugar_cane":5,"minecraft:chest":1,"minecraft:oak_planks":4,"minecraft:egg":1,"minecraft:furnace":2,"minecraft:raw_iron":111,"minecraft:torch":22,"minecraft:dripstone_block":1,"minecraft:pointed_dripstone":22,"minecraft:carrot":4,"minecraft:spider_eye":4,"minecraft:arrow":17,"minecraft:rotten_flesh":4,"minecraft:diamond":14,"minecraft:beetroot_seeds":2,"minecraft:hay_block":11,"minecraft:granite":3,"minecraft:bread":1,"minecraft:obsidian":4,"minecraft:oak_sapling":2,"minecraft:mutton":9,"minecraft:coal":100,"minecraft:white_wool":6,"minecraft:cobblestone":48},"minecraft:custom":{"minecraft:interact_with_smithing_table":1,"minecraft:interact_with_furnace":20,"minecraft:mob_kills":53,"minecraft:interact_with_crafting_table":19,"minecraft:time_since_death":76327,"minecraft:sleep_in_bed":3,"minecraft:time_since_rest":53654,"minecraft:sprint_one_cm":129365,"minecraft:damage_taken":701,"minecraft:walk_one_cm":340583,"minecraft:damage_blocked_by_shield":511,"minecraft:drop":27,"minecraft:damage_dealt":7971,"minecraft:swim_one_cm":5378,"minecraft:fly_one_cm":189508,"minecraft:open_chest":2,"minecraft:play_time":76327,"minecraft:crouch_one_cm":20973,"minecraft:sneak_time":7730,"minecraft:walk_under_water_one_cm":178,"minecraft:jump":1894,"minecraft:walk_on_water_one_cm":5969,"minecraft:total_world_time":76327,"minecraft:fall_one_cm":38423},"minecraft:killed":{"minecraft:cave_spider":2,"minecraft:spider":5,"minecraft:creeper":3,"minecraft:sheep":6,"minecraft:skeleton":14,"minecraft:zombie":8,"minecraft:cow":8}},"DataVersion":3953}