{"stats":{"minecraft:broken":{"minecraft:iron_shovel":1,"minecraft:iron_axe":1,"minecraft:stone_axe":1,"minecraft:iron_pickaxe":1},"minecraft:mined":{"minecraft:tuff":9,"minecraft:deepslate_diamond_ore":10,"minecraft:cherry_log":11,"minecraft:cherry_sapling":1,"minecraft:obsidian":4,"minecraft:granite":3,"minecraft:grass_block":136,"minecraft:spawner":2,"minecraft:hay_block":29,"minecraft:furnace":3,"minecraft:carrots":8,"minecraft:iron_ore":56,"minecraft:andesite":2,"minecraft:azure_bluet":9,"minecraft:gold_block":1,"minecraft:pointed_dripstone":13,"minecraft:potatoes":3,"minecraft:deepslate_iron_ore":56,"minecraft:stripped_oak_log":1,"minecraft:stone":92,"minecraft:cherry_planks":2,"minecraft:cornflower":1,"minecraft:crafting_table":6,"minecraft:torch":2,"minecraft:short_grass":103,"minecraft:blast_furnace":1,"minecraft:poppy":17,"minecraft:chest":2,"minecraft:tall_grass":9,"minecraft:cobblestone":1,"minecraft:lapis_ore":2,"minecraft:sugar_cane":9,"minecraft:oak_planks":3,"minecraft:pink_petals":1,"minecraft:birch_log":79,"minecraft:wheat":6,"minecraft:birch_leaves":4,"minecraft:yellow_bed":2,"minecraft:oak_log":184,"minecraft:coal_ore":156,"minecraft:beetroots":1,"minecraft:cherry_leaves":2,"minecraft:dripstone_block":1,"minecraft:gravel":1,"minecraft:sand":28,"minecraft:dirt":102,"minecraft:cobweb":19,"minecraft:netherrack":1,"minecraft:oak_leaves":18,"minecraft:deepslate":30},"minecraft:used":{"minecraft:cherry_sapling":3,"minecraft:iron_shovel":252,"minecraft:chest":3,"minecraft:shield":23,"minecraft:iron_sword":145,"minecraft:stone_hoe":7,"minecraft:torch":108,"minecraft:dirt":236,"minecraft:carrot":4,"minecraft:tuff":8,"minecraft:granite":2,"minecraft:iron_axe":255,"minecraft:furnace":5,"minecraft:potato":3,"minecraft:cobbled_deepslate":35,"minecraft:pointed_dripstone":4,"minecraft:wheat_seeds":4,"minecraft:water_bucket":19,"minecraft:stone_pickaxe":125,"minecraft:wooden_pickaxe":14,"minecraft:sugar_cane":9,"minecraft:white_wool":3,"minecraft:crafting_table":7,"minecraft:white_bed":1,"minecraft:oak_log":2,"minecraft:diamond_pickaxe":4,"minecraft:bread":40,"minecraft:iron_pickaxe":302,"minecraft:stone_axe":104,"minecraft:pink_petals":1,"minecraft:cobblestone":24,"minecraft:bucket":19,"minecraft:andesite":1,"minecraft:yellow_bed":1},"minecraft:custom":{"minecraft:interact_with_smithing_table":1,"minecraft:mob_kills":57,"minecraft:interact_with_crafting_table":27,"minecraft:open_barrel":1,"minecraft:leave_game":1,"minecraft:time_since_death":133499,"minecraft:sprint_one_cm":284190,"minecraft:walk_one_cm":507093,"minecraft:damage_blocked_by_shield":541,"minecraft:drop":28,"minecraft:play_time":133499,"minecraft:sneak_time":11025,"minecraft:walk_under_water_one_cm":671,"minecraft:jump":3400,"minecraft:interact_with_blast_furnace":1,"minecraft:walk_on_water_one_cm":9958,"minecraft:total_world_time":133499,"minecraft:interact_with_furnace":35,"minecraft:sleep_in_bed":7,"minecraft:time_since_rest":9982,"minecraft:damage_taken":1012,"minecraft:damage_dealt":8651,"minecraft:swim_one_cm":7841,"minecraft:fly_one_cm":492282,"minecraft:open_chest":26,"minecraft:crouch_one_cm":34899,"minecraft:fall_one_cm":84294},"minecraft:dropped":{"minecraft:bread":3,"minecraft:iron_sword":1,"minecraft:wheat_seeds":6,"minecraft:cooked_beef":6,"minecraft:diamond":12,"minecraft:iron_helmet":1,"minecraft:granite":1,"minecraft:torch":20,"minecraft:iron_pickaxe":1,"minecraft:pink_petals":1,"minecraft:stone_axe":1,"minecraft:pointed_dripstone":13,"minecraft:iron_boots":1,"minecraft:azure_bluet":1,"minecraft:shield":1,"minecraft:beetroot_seeds":2,"minecraft:oak_sapling":2,"minecraft:wooden_pickaxe":1,"minecraft:stone_pickaxe":2,"minecraft:egg":1},"minecraft:crafted":{"minecraft:cherry_planks":4,"minecraft:oak_planks":44,"minecraft:furnace":2,"minecraft:iron_boots":2,"minecraft:iron_axe":2,"minecraft:stone_pickaxe":2,"minecraft:chest":1,"minecraft:stone_hoe":1,"minecraft:wheat":99,"minecraft:crafting_table":1,"minecraft:wooden_pickaxe":1,"minecraft:iron_helmet":2,"minecraft:iron_sword":2,"minecraft:bucket":1,"minecraft:stone_axe":2,"minecraft:bread":33,"minecraft:air":0,"minecraft:iron_chestplate":1,"minecraft:diamond_pickaxe":1,"minecraft:shield":2,"minecraft:stick":48,"minecraft:iron_ingot":121,"minecraft:iron_pickaxe":2,"minecraft:gold_ingot":8,"minecraft:iron_shovel":2,"minecraft:iron_leggings":1,"minecraft:white_bed":1,"minecraft:torch":88},"minecraft:picked_up":{"minecraft:crafting_table":6,"minecraft:azure_bluet":12,"minecraft:gold_block":1,"minecraft:cornflower":1,"minecraft:string":31,"minecraft:cobbled_deepslate":35,"minecraft:beef":14,"minecraft:poppy":17,"minecraft:sugar_cane":18,"minecraft:chest":2,"minecraft:birch_sapling":4,"minecraft:egg":3,"minecraft:furnace":3,"minecraft:stick":14,"minecraft:raw_iron":113,"minecraft:torch":22,"minecraft:cherry_log":11,"minecraft:pointed_dripstone":22,"minecraft:carrot":8,"minecraft:arrow":17,"minecraft:rotten_flesh":4,"minecraft:beetroot_seeds":2,"minecraft:hay_block":28,"minecraft:mutton":11,"minecraft:obsidian":4,"minecraft:cobblestone":87,"minecraft:white_wool":7,"minecraft:stripped_oak_log":1,"minecraft:birch_log":79,"minecraft:pink_petals":2,"minecraft:cooked_beef":6,"minecraft:cherry_planks":2,"minecraft:andesite":1,"minecraft:leather":4,"minecraft:potato":3,"minecraft:tuff":8,"minecraft:oak_log":183,"minecraft:yellow_bed":1,"minecraft:gunpowder":1,"minecraft:dirt":238,"minecraft:lapis_lazuli":15,"minecraft:bone":16,"minecraft:apple":4,"minecraft:wheat_seeds":14,"minecraft:oak_planks":4,"minecraft:gravel":1,"minecraft:dripstone_block":1,"minecraft:sand":28,"minecraft:blast_furnace":1,"minecraft:spider_eye":4,"minecraft:diamond":14,"minecraft:granite":3,"minecraft:cherry_sapling":3,"minecraft:bread":1,"minecraft:oak_sapling":11,"minecraft:coal":157},"minecraft:killed":{"minecraft:cave_spider":2,"minecraft:spider":5,"minecraft:skeleton":15,"minecraft:creeper":4,"minecraft:sheep":7,"minecraft:zombie":9,"minecraft:cow":8}},"DataVersion":3953}