{"stats":{"minecraft:used":{"minecraft:water_bucket":11,"minecraft:stone_pickaxe":125,"minecraft:shield":10,"minecraft:wooden_pickaxe":14,"minecraft:iron_sword":44,"minecraft:torch":80,"minecraft:dirt":13,"minecraft:crafting_table":5,"minecraft:white_bed":1,"minecraft:bread":15,"minecraft:iron_pickaxe":64,"minecraft:pink_petals":1,"minecraft:stone_axe":54,"minecraft:cobblestone":14,"minecraft:furnace":2,"minecraft:bucket":12,"minecraft:yellow_bed":1,"minecraft:pointed_dripstone":4},"minecraft:crafted":{"minecraft:oak_planks":44,"minecraft:crafting_table":1,"minecraft:wooden_pickaxe":1,"minecraft:iron_helmet":2,"minecraft:iron_sword":2,"minecraft:furnace":1,"minecraft:bucket":1,"minecraft:stone_axe":2,"minecraft:bread":33,"minecraft:air":0,"minecraft:iron_boots":2,"minecraft:iron_chestplate":1,"minecraft:shield":2,"minecraft:stick":36,"minecraft:iron_ingot":55,"minecraft:iron_pickaxe":2,"minecraft:stone_pickaxe":2,"minecraft:iron_leggings":1,"minecraft:white_bed":1,"minecraft:torch":80,"minecraft:wheat":99},"minecraft:mined":{"minecraft:tuff":2,"minecraft:deepslate_diamond_ore":9,"minecraft:crafting_table":5,"minecraft:torch":2,"minecraft:granite":3,"minecraft:short_grass":34,"minecraft:grass_block":6,"minecraft:chest":1,"minecraft:tall_grass":4,"minecraft:cobblestone":1,"minecraft:sugar_cane":2,"minecraft:pink_petals":1,"minecraft:hay_block":11,"minecraft:furnace":2,"minecraft:carrots":4,"minecraft:iron_ore":47,"minecraft:wheat":6,"minecraft:birch_leaves":1,"minecraft:yellow_bed":2,"minecraft:pointed_dripstone":9,"minecraft:oak_log":11,"minecraft:potatoes":3,"minecraft:coal_ore":54,"minecraft:beetroots":1,"minecraft:deepslate_iron_ore":30,"minecraft:dirt":7,"minecraft:stone":33,"minecraft:deepslate":11,"minecraft:oak_leaves":1},"minecraft:dropped":{"minecraft:bread":3,"minecraft:iron_sword":1,"minecraft:stone_axe":1,"minecraft:cooked_beef":6,"minecraft:diamond":10,"minecraft:pointed_dripstone":13,"minecraft:iron_helmet":1,"minecraft:iron_boots":1,"minecraft:granite":1,"minecraft:shield":1,"minecraft:torch":20,"minecraft:beetroot_seeds":2,"minecraft:oak_sapling":2,"minecraft:wooden_pickaxe":1,"minecraft:stone_pickaxe":2,"minecraft:iron_pickaxe":1,"minecraft:pink_petals":1,"minecraft:egg":1},"minecraft:picked_up":{"minecraft:pink_petals":2,"minecraft:crafting_table":5,"minecraft:cooked_beef":6,"minecraft:leather":4,"minecraft:potato":3,"minecraft:tuff":1,"minecraft:oak_log":11,"minecraft:yellow_bed":1,"minecraft:gunpowder":1,"minecraft:dirt":13,"minecraft:string":3,"minecraft:bone":7,"minecraft:wheat_seeds":6,"minecraft:cobbled_deepslate":16,"minecraft:beef":14,"minecraft:sugar_cane":5,"minecraft:chest":1,"minecraft:egg":1,"minecraft:furnace":2,"minecraft:raw_iron":78,"minecraft:torch":22,"minecraft:pointed_dripstone":20,"minecraft:carrot":4,"minecraft:arrow":6,"minecraft:rotten_flesh":4,"minecraft:diamond":10,"minecraft:beetroot_seeds":2,"minecraft:hay_block":11,"minecraft:granite":3,"minecraft:bread":1,"minecraft:oak_sapling":2,"minecraft:mutton":9,"minecraft:coal":56,"minecraft:white_wool":6,"minecraft:cobblestone":39},"minecraft:custom":{"minecraft:interact_with_smithing_table":1,"minecraft:interact_with_furnace":20,"minecraft:mob_kills":35,"minecraft:interact_with_crafting_table":18,"minecraft:time_since_death":52327,"minecraft:sleep_in_bed":3,"minecraft:time_since_rest":29654,"minecraft:sprint_one_cm":78174,"minecraft:damage_taken":459,"minecraft:walk_one_cm":251840,"minecraft:damage_blocked_by_shield":226,"minecraft:drop":24,"minecraft:damage_dealt":5296,"minecraft:swim_one_cm":5378,"minecraft:fly_one_cm":150585,"minecraft:open_chest":2,"minecraft:play_time":52327,"minecraft:crouch_one_cm":8862,"minecraft:sneak_time":3141,"minecraft:walk_under_water_one_cm":178,"minecraft:jump":1336,"minecraft:walk_on_water_one_cm":4646,"minecraft:total_world_time":52327,"minecraft:fall_one_cm":30831},"minecraft:killed":{"minecraft:spider":2,"minecraft:creeper":2,"minecraft:sheep":6,"minecraft:skeleton":7,"minecraft:zombie":8,"minecraft:cow":8}},"DataVersion":3953}